INSERT INTO `qb_module` (`id`, `type`, `name`, `pre`, `dirname`, `domain`, `admindir`, `config`, `list`, `admingroup`, `adminmember`, `ifclose`) VALUES (34, 2, '供应模型', 'sell_', 'sell', '', '', 'a:7:{s:12:"list_PhpName";s:18:"list.php?&fid=$fid";s:12:"show_PhpName";s:29:"bencandy.php?&fid=$fid&id=$id";s:8:"MakeHtml";N;s:14:"list_HtmlName1";N;s:14:"show_HtmlName1";N;s:14:"list_HtmlName2";N;s:14:"show_HtmlName2";N;}', 100, '', '', 0);


INSERT INTO `qb_label` (`lid`, `name`, `ch`, `chtype`, `tag`, `type`, `typesystem`, `code`, `divcode`, `hide`, `js_time`, `uid`, `username`, `posttime`, `pagetype`, `module`, `fid`, `if_js`, `style`) VALUES ('', '', 0, 0, 'sell_news2', 'code', 0, '<A href="/do/" target="_blank">更多&gt;&gt;</A>', 'a:4:{s:9:"html_edit";N;s:5:"div_w";s:0:"";s:5:"div_h";s:0:"";s:11:"div_bgcolor";s:0:"";}', 0, 0, 1, 'admin', 1287454483, 0, 34, 0, 0, 'yellow');
INSERT INTO `qb_label` (`lid`, `name`, `ch`, `chtype`, `tag`, `type`, `typesystem`, `code`, `divcode`, `hide`, `js_time`, `uid`, `username`, `posttime`, `pagetype`, `module`, `fid`, `if_js`, `style`) VALUES ('', '', 0, 0, 'sell_newss', 'code', 0, '产品资讯', 'a:4:{s:9:"html_edit";N;s:5:"div_w";s:0:"";s:5:"div_h";s:0:"";s:11:"div_bgcolor";s:0:"";}', 0, 0, 1, 'admin', 0, 0, 34, 0, 0, 'yellow');
INSERT INTO `qb_label` (`lid`, `name`, `ch`, `chtype`, `tag`, `type`, `typesystem`, `code`, `divcode`, `hide`, `js_time`, `uid`, `username`, `posttime`, `pagetype`, `module`, `fid`, `if_js`, `style`) VALUES ('', '', 0, 0, 'sell_newss3', 'article', 1, 'a:32:{s:13:"tplpart_1code";s:69:"<div class="list l$i"><a href="$url" target="_blank">$title</a></div>";s:13:"tplpart_2code";s:0:"";s:3:"SYS";s:7:"artcile";s:13:"RollStyleType";s:0:"";s:8:"rolltype";s:10:"scrollLeft";s:8:"rolltime";s:1:"3";s:11:"roll_height";s:2:"50";s:5:"width";s:3:"250";s:6:"height";s:3:"187";s:7:"newhour";s:2:"24";s:7:"hothits";s:3:"100";s:7:"amodule";s:1:"0";s:7:"tplpath";s:0:"";s:6:"DivTpl";i:1;s:5:"fiddb";N;s:5:"stype";s:1:"4";s:2:"yz";s:1:"1";s:7:"hidefid";N;s:10:"timeformat";s:11:"Y-m-d H:i:s";s:5:"order";s:6:"A.list";s:3:"asc";s:4:"DESC";s:6:"levels";s:3:"all";s:7:"rowspan";s:1:"9";s:3:"sql";s:102:" SELECT A.*,A.aid AS id FROM qb_article A  WHERE A.yz=1  AND A.mid=\'0\'   ORDER BY A.list DESC LIMIT 9 ";s:4:"sql2";N;s:7:"colspan";s:1:"1";s:11:"content_num";s:2:"80";s:12:"content_num2";s:3:"120";s:8:"titlenum";s:2:"40";s:9:"titlenum2";s:2:"40";s:10:"titleflood";s:1:"0";s:10:"c_rolltype";s:1:"0";}', 'a:3:{s:5:"div_w";s:2:"50";s:5:"div_h";s:2:"30";s:11:"div_bgcolor";s:0:"";}', 0, 0, 1, 'admin', 1287454618, 0, 34, 0, 0, 'yellow');
INSERT INTO `qb_label` (`lid`, `name`, `ch`, `chtype`, `tag`, `type`, `typesystem`, `code`, `divcode`, `hide`, `js_time`, `uid`, `username`, `posttime`, `pagetype`, `module`, `fid`, `if_js`, `style`) VALUES ('', '', 0, 0, 'sell_roll', 'rollpic', 0, 'a:6:{s:8:"rolltype";s:1:"0";s:5:"width";s:3:"380";s:6:"height";s:3:"202";s:6:"picurl";a:2:{i:1;s:32:"label/1_20101018151037_qiocb.jpg";i:2;s:32:"label/1_20101018151012_mphck.gif";}s:7:"piclink";a:2:{i:1;s:1:"#";i:2;s:1:"#";}s:6:"picalt";a:2:{i:1;s:0:"";i:2;s:0:"";}}', 'a:3:{s:5:"div_w";s:2:"50";s:5:"div_h";s:2:"21";s:11:"div_bgcolor";s:0:"";}', 0, 0, 1, 'admin', 1288330923, 0, 34, 0, 0, 'default');
INSERT INTO `qb_label` (`lid`, `name`, `ch`, `chtype`, `tag`, `type`, `typesystem`, `code`, `divcode`, `hide`, `js_time`, `uid`, `username`, `posttime`, `pagetype`, `module`, `fid`, `if_js`, `style`) VALUES ('', '', 0, 0, 'sell_tb3', 'article', 1, 'a:32:{s:13:"tplpart_1code";s:55:"<span><a href="$url" target="_blank">$title</a></span> ";s:13:"tplpart_2code";s:0:"";s:3:"SYS";s:7:"artcile";s:13:"RollStyleType";s:0:"";s:8:"rolltype";s:10:"scrollLeft";s:8:"rolltime";s:1:"3";s:11:"roll_height";s:2:"50";s:5:"width";s:3:"250";s:6:"height";s:3:"187";s:7:"newhour";s:2:"24";s:7:"hothits";s:3:"100";s:7:"amodule";s:3:"106";s:7:"tplpath";s:0:"";s:6:"DivTpl";i:1;s:5:"fiddb";N;s:5:"stype";s:1:"4";s:2:"yz";s:1:"1";s:7:"hidefid";N;s:10:"timeformat";s:11:"Y-m-d H:i:s";s:5:"order";s:6:"A.list";s:3:"asc";s:4:"DESC";s:6:"levels";s:3:"all";s:7:"rowspan";s:1:"6";s:3:"sql";s:104:" SELECT A.*,A.aid AS id FROM qb_article A  WHERE A.yz=1  AND A.mid=\'106\'   ORDER BY A.list DESC LIMIT 6 ";s:4:"sql2";N;s:7:"colspan";s:1:"1";s:11:"content_num";s:2:"80";s:12:"content_num2";s:3:"120";s:8:"titlenum";s:2:"18";s:9:"titlenum2";s:2:"40";s:10:"titleflood";s:1:"0";s:10:"c_rolltype";s:1:"0";}', 'a:3:{s:5:"div_w";s:2:"50";s:5:"div_h";s:2:"30";s:11:"div_bgcolor";s:0:"";}', 0, 0, 1, 'admin', 1287455259, 0, 34, 0, 0, 'yellow');
INSERT INTO `qb_label` (`lid`, `name`, `ch`, `chtype`, `tag`, `type`, `typesystem`, `code`, `divcode`, `hide`, `js_time`, `uid`, `username`, `posttime`, `pagetype`, `module`, `fid`, `if_js`, `style`) VALUES ('', '', 0, 0, 'sell_ts4', 'Info_sell_', 1, 'a:29:{s:13:"tplpart_1code";s:450:"<div class="list">\r\n                	<a href="$url" target="_blank"><img src="$picurl" onerror="this.src=\'$webdb[www_url]/images/default/nopic.jpg\'" width="100" height="75"/></a>\r\n                    <a href="$url" target="_blank">$title</a>\r\n                    <span style="line-height:20px;">单价:<font color="#FF0000">{$price}</font>元/{$my_units}<br>\r\n最小起订 <font color="#FF0000">{$order_min}</font> {$my_units}</span>\r\n                </div>";s:13:"tplpart_2code";s:0:"";s:3:"SYS";s:2:"wn";s:7:"typefid";N;s:9:"noReadMid";i:1;s:6:"wninfo";s:5:"sell_";s:5:"width";s:3:"250";s:6:"height";s:3:"187";s:8:"rolltype";s:10:"scrollLeft";s:8:"rolltime";s:1:"3";s:11:"roll_height";s:2:"50";s:11:"content_num";s:2:"80";s:7:"newhour";s:2:"24";s:7:"hothits";s:2:"30";s:7:"tplpath";s:0:"";s:6:"DivTpl";i:1;s:5:"fiddb";N;s:8:"moduleid";N;s:5:"stype";s:1:"p";s:2:"yz";s:3:"all";s:10:"timeformat";s:11:"Y-m-d H:i:s";s:5:"order";s:6:"A.list";s:3:"asc";s:4:"DESC";s:6:"levels";s:3:"all";s:7:"rowspan";s:1:"6";s:3:"sql";s:130:"(SELECT A.*,B.* FROM qb_sell_content A LEFT JOIN qb_sell_content_1 B ON A.id=B.id  WHERE A.ispic=1 ) ORDER BY A.list DESC LIMIT 6 ";s:7:"colspan";s:1:"1";s:8:"titlenum";s:2:"20";s:10:"titleflood";s:1:"0";}', 'a:3:{s:5:"div_w";s:2:"50";s:5:"div_h";s:2:"30";s:11:"div_bgcolor";s:0:"";}', 0, 0, 1, 'admin', 1287454001, 0, 34, 0, 0, 'yellow');
INSERT INTO `qb_label` (`lid`, `name`, `ch`, `chtype`, `tag`, `type`, `typesystem`, `code`, `divcode`, `hide`, `js_time`, `uid`, `username`, `posttime`, `pagetype`, `module`, `fid`, `if_js`, `style`) VALUES ('', '', 0, 0, 'sell_tt1', 'code', 0, '最新供应信息', 'a:4:{s:9:"html_edit";N;s:5:"div_w";s:0:"";s:5:"div_h";s:0:"";s:11:"div_bgcolor";s:0:"";}', 0, 0, 1, 'admin', 0, 0, 34, 0, 0, 'yellow');
INSERT INTO `qb_label` (`lid`, `name`, `ch`, `chtype`, `tag`, `type`, `typesystem`, `code`, `divcode`, `hide`, `js_time`, `uid`, `username`, `posttime`, `pagetype`, `module`, `fid`, `if_js`, `style`) VALUES ('', '', 0, 0, 'sell_tt1ad', 'pic', 0, 'a:4:{s:6:"imgurl";s:32:"label/1_20101101161137_qampc.gif";s:7:"imglink";s:1:"#";s:5:"width";s:3:"980";s:6:"height";s:2:"35";}', 'a:3:{s:5:"div_w";s:0:"";s:5:"div_h";s:0:"";s:11:"div_bgcolor";s:0:"";}', 0, 0, 1, 'admin', 0, 0, 34, 0, 0, 'default');
INSERT INTO `qb_label` (`lid`, `name`, `ch`, `chtype`, `tag`, `type`, `typesystem`, `code`, `divcode`, `hide`, `js_time`, `uid`, `username`, `posttime`, `pagetype`, `module`, `fid`, `if_js`, `style`) VALUES ('', '', 0, 0, 'sell_tt2', 'code', 0, '<a href="list.php?fid=1" target="_blank">更多&gt;&gt;</a>', 'a:4:{s:9:"html_edit";N;s:5:"div_w";s:0:"";s:5:"div_h";s:0:"";s:11:"div_bgcolor";s:0:"";}', 0, 0, 1, 'admin', 0, 0, 34, 0, 0, 'yellow');
INSERT INTO `qb_label` (`lid`, `name`, `ch`, `chtype`, `tag`, `type`, `typesystem`, `code`, `divcode`, `hide`, `js_time`, `uid`, `username`, `posttime`, `pagetype`, `module`, `fid`, `if_js`, `style`) VALUES ('', '', 0, 0, 'sell_tt3', 'pic', 0, 'a:4:{s:6:"imgurl";s:32:"label/1_20101019091036_2nwif.gif";s:7:"imglink";s:1:"#";s:5:"width";s:3:"730";s:6:"height";s:2:"80";}', 'a:3:{s:5:"div_w";s:0:"";s:5:"div_h";s:0:"";s:11:"div_bgcolor";s:0:"";}', 0, 0, 1, 'admin', 0, 0, 34, 0, 0, 'yellow');
INSERT INTO `qb_label` (`lid`, `name`, `ch`, `chtype`, `tag`, `type`, `typesystem`, `code`, `divcode`, `hide`, `js_time`, `uid`, `username`, `posttime`, `pagetype`, `module`, `fid`, `if_js`, `style`) VALUES ('', '', 0, 0, 'sell_tt4', 'code', 0, '推荐产品', 'a:4:{s:9:"html_edit";N;s:5:"div_w";s:0:"";s:5:"div_h";s:0:"";s:11:"div_bgcolor";s:0:"";}', 0, 0, 1, 'admin', 0, 0, 34, 0, 0, 'yellow');
INSERT INTO `qb_label` (`lid`, `name`, `ch`, `chtype`, `tag`, `type`, `typesystem`, `code`, `divcode`, `hide`, `js_time`, `uid`, `username`, `posttime`, `pagetype`, `module`, `fid`, `if_js`, `style`) VALUES ('', '', 0, 0, 'sell_tt5', 'code', 0, '<a href="list.php?fid=2" target="_blank">更多&gt;&gt;</a>', 'a:4:{s:9:"html_edit";N;s:5:"div_w";s:0:"";s:5:"div_h";s:0:"";s:11:"div_bgcolor";s:0:"";}', 0, 0, 1, 'admin', 0, 0, 34, 0, 0, 'yellow');
INSERT INTO `qb_label` (`lid`, `name`, `ch`, `chtype`, `tag`, `type`, `typesystem`, `code`, `divcode`, `hide`, `js_time`, `uid`, `username`, `posttime`, `pagetype`, `module`, `fid`, `if_js`, `style`) VALUES ('', '', 0, 0, 'sell_tt6', 'code', 0, '热门产品', 'a:4:{s:9:"html_edit";N;s:5:"div_w";s:0:"";s:5:"div_h";s:0:"";s:11:"div_bgcolor";s:0:"";}', 0, 0, 1, 'admin', 0, 0, 34, 0, 0, 'yellow');
INSERT INTO `qb_label` (`lid`, `name`, `ch`, `chtype`, `tag`, `type`, `typesystem`, `code`, `divcode`, `hide`, `js_time`, `uid`, `username`, `posttime`, `pagetype`, `module`, `fid`, `if_js`, `style`) VALUES ('', '', 0, 0, 'sell_tt7', 'code', 0, '<a href="list.php?fid=3" target="_blank">更多&gt;&gt;</a>', 'a:4:{s:9:"html_edit";N;s:5:"div_w";s:0:"";s:5:"div_h";s:0:"";s:11:"div_bgcolor";s:0:"";}', 0, 0, 1, 'admin', 0, 0, 34, 0, 0, 'yellow');
INSERT INTO `qb_label` (`lid`, `name`, `ch`, `chtype`, `tag`, `type`, `typesystem`, `code`, `divcode`, `hide`, `js_time`, `uid`, `username`, `posttime`, `pagetype`, `module`, `fid`, `if_js`, `style`) VALUES ('', '', 0, 0, 'sell_tt8', 'Info_sell_', 1, 'a:29:{s:13:"tplpart_1code";s:162:"<div class="listr">\r\n                   <a href="$url" target="_blank">$title</a>\r\n                    <span>{$price}元/{$my_units}</span>\r\n                </div>";s:13:"tplpart_2code";s:0:"";s:3:"SYS";s:2:"wn";s:7:"typefid";N;s:9:"noReadMid";i:1;s:6:"wninfo";s:5:"sell_";s:5:"width";s:3:"250";s:6:"height";s:3:"187";s:8:"rolltype";s:10:"scrollLeft";s:8:"rolltime";s:1:"3";s:11:"roll_height";s:2:"50";s:11:"content_num";s:2:"80";s:7:"newhour";s:2:"24";s:7:"hothits";s:2:"30";s:7:"tplpath";s:0:"";s:6:"DivTpl";i:1;s:5:"fiddb";N;s:8:"moduleid";N;s:5:"stype";s:1:"4";s:2:"yz";s:3:"all";s:10:"timeformat";s:11:"Y-m-d H:i:s";s:5:"order";s:6:"A.list";s:3:"asc";s:4:"DESC";s:6:"levels";s:3:"all";s:7:"rowspan";s:1:"6";s:3:"sql";s:122:"(SELECT A.*,B.* FROM qb_sell_content A LEFT JOIN qb_sell_content_1 B ON A.id=B.id  WHERE 1 ) ORDER BY A.list DESC LIMIT 6 ";s:7:"colspan";s:1:"1";s:8:"titlenum";s:2:"22";s:10:"titleflood";s:1:"0";}', 'a:3:{s:5:"div_w";s:2:"50";s:5:"div_h";s:2:"30";s:11:"div_bgcolor";s:0:"";}', 0, 0, 1, 'admin', 0, 0, 34, 0, 0, 'yellow');
INSERT INTO `qb_label` (`lid`, `name`, `ch`, `chtype`, `tag`, `type`, `typesystem`, `code`, `divcode`, `hide`, `js_time`, `uid`, `username`, `posttime`, `pagetype`, `module`, `fid`, `if_js`, `style`) VALUES ('', '', 0, 0, 'sell_v3', 'code', 0, '品牌展示', 'a:4:{s:9:"html_edit";N;s:5:"div_w";s:0:"";s:5:"div_h";s:0:"";s:11:"div_bgcolor";s:0:"";}', 0, 0, 1, 'admin', 0, 0, 34, 0, 0, 'yellow');
INSERT INTO `qb_label` (`lid`, `name`, `ch`, `chtype`, `tag`, `type`, `typesystem`, `code`, `divcode`, `hide`, `js_time`, `uid`, `username`, `posttime`, `pagetype`, `module`, `fid`, `if_js`, `style`) VALUES ('', '', 0, 0, 'sell_v4', 'code', 0, '<a href="/brand/" target="_blank">更多&gt;&gt;</a>', 'a:4:{s:9:"html_edit";N;s:5:"div_w";s:0:"";s:5:"div_h";s:0:"";s:11:"div_bgcolor";s:0:"";}', 0, 0, 1, 'admin', 0, 0, 34, 0, 0, 'yellow');
INSERT INTO `qb_label` (`lid`, `name`, `ch`, `chtype`, `tag`, `type`, `typesystem`, `code`, `divcode`, `hide`, `js_time`, `uid`, `username`, `posttime`, `pagetype`, `module`, `fid`, `if_js`, `style`) VALUES ('', '', 0, 0, 'sell_v5', 'Info_brand_', 1, 'a:28:{s:13:"tplpart_1code";s:231:"<div class="listpinpai"> <a href="$url" target="_blank"><img src="$picurl" onerror="this.src=\'$webdb[www_url]/images/default/nopic.jpg\'" width="90" height="40"/></a> \r\n              <a href="$url" target="_blank">$title</a> </div> ";s:13:"tplpart_2code";s:0:"";s:3:"SYS";s:2:"wn";s:6:"wninfo";s:6:"brand_";s:9:"noReadMid";i:1;s:5:"width";s:3:"250";s:6:"height";s:3:"187";s:8:"rolltype";s:10:"scrollLeft";s:8:"rolltime";s:1:"3";s:11:"roll_height";s:2:"50";s:11:"content_num";s:2:"80";s:7:"newhour";s:2:"24";s:7:"hothits";s:2:"30";s:7:"tplpath";s:0:"";s:6:"DivTpl";i:1;s:5:"fiddb";N;s:8:"moduleid";N;s:5:"stype";s:1:"p";s:2:"yz";s:3:"all";s:10:"timeformat";s:11:"Y-m-d H:i:s";s:5:"order";s:6:"A.list";s:3:"asc";s:4:"DESC";s:6:"levels";s:3:"all";s:7:"rowspan";s:1:"4";s:3:"sql";s:123:"SELECT * FROM qb_brand_content A LEFT JOIN qb_brand_content_1 B ON A.id=B.id  WHERE A.ispic=1  ORDER BY A.list DESC LIMIT 4";s:7:"colspan";s:1:"1";s:8:"titlenum";s:2:"20";s:10:"titleflood";s:1:"0";}', 'a:3:{s:5:"div_w";s:2:"50";s:5:"div_h";s:2:"30";s:11:"div_bgcolor";s:0:"";}', 0, 0, 1, 'admin', 0, 0, 34, 0, 0, 'yellow');
     
# --------------------------------------------------------

#
# 表的结构 `qb_sell_collection`
#

DROP TABLE IF EXISTS `qb_sell_collection`;
CREATE TABLE `qb_sell_collection` (
  `cid` mediumint(7) NOT NULL auto_increment,
  `id` mediumint(7) NOT NULL default '0',
  `uid` mediumint(7) NOT NULL default '0',
  `posttime` int(10) NOT NULL default '0',
  PRIMARY KEY  (`cid`)
) TYPE=MyISAM AUTO_INCREMENT=1 ;

#
# 导出表中的数据 `qb_sell_collection`
#


# --------------------------------------------------------

#
# 表的结构 `qb_sell_comments`
#

DROP TABLE IF EXISTS `qb_sell_comments`;
CREATE TABLE `qb_sell_comments` (
  `cid` mediumint(7) unsigned NOT NULL auto_increment,
  `cuid` int(7) NOT NULL default '0',
  `type` tinyint(2) NOT NULL default '0',
  `id` int(10) unsigned NOT NULL default '0',
  `fid` mediumint(7) unsigned NOT NULL default '0',
  `uid` mediumint(7) unsigned NOT NULL default '0',
  `username` varchar(30) NOT NULL default '',
  `posttime` int(10) NOT NULL default '0',
  `content` text NOT NULL,
  `ip` varchar(15) NOT NULL default '',
  `icon` tinyint(3) NOT NULL default '0',
  `yz` tinyint(1) NOT NULL default '0',
  `flowers` smallint(4) NOT NULL default '0',
  `egg` smallint(4) NOT NULL default '0',
  PRIMARY KEY  (`cid`),
  KEY `type` (`type`)
) TYPE=MyISAM AUTO_INCREMENT=1 ;

#
# 导出表中的数据 `qb_sell_comments`
#


# --------------------------------------------------------

#
# 表的结构 `qb_sell_config`
#

DROP TABLE IF EXISTS `qb_sell_config`;
CREATE TABLE `qb_sell_config` (
  `c_key` varchar(50) NOT NULL default '',
  `c_value` text NOT NULL,
  `c_descrip` text NOT NULL,
  PRIMARY KEY  (`c_key`)
) TYPE=MyISAM;

#
# 导出表中的数据 `qb_sell_config`
#

INSERT INTO `qb_sell_config` VALUES ('sort_layout', '1,75,5#2,71,4,65#54,3#', '');
INSERT INTO `qb_sell_config` VALUES ('order_send_mail', '1', '');
INSERT INTO `qb_sell_config` VALUES ('order_send_msg', '1', '');
INSERT INTO `qb_sell_config` VALUES ('UpdatePostTime', '1', '');
INSERT INTO `qb_sell_config` VALUES ('Info_index_cache', '', '');
INSERT INTO `qb_sell_config` VALUES ('Info_list_cache', '', '');
INSERT INTO `qb_sell_config` VALUES ('showNoPassComment', '0', '');
INSERT INTO `qb_sell_config` VALUES ('Info_TopMoney', '20', '');
INSERT INTO `qb_sell_config` VALUES ('Info_TopDay', '15', '');
INSERT INTO `qb_sell_config` VALUES ('Info_TopNum', '8', '');
INSERT INTO `qb_sell_config` VALUES ('Info_ShowNoYz', '1', '');
INSERT INTO `qb_sell_config` VALUES ('PostInfoMoney', '10', '');
INSERT INTO `qb_sell_config` VALUES ('Info_allowGuesSearch', '1', '');
INSERT INTO `qb_sell_config` VALUES ('module_pre', 'sell_', '');
INSERT INTO `qb_sell_config` VALUES ('module_id', '34', '');
INSERT INTO `qb_sell_config` VALUES ('Index_listsortnum', '20', '');
INSERT INTO `qb_sell_config` VALUES ('Info_metakeywords', '产品', '');
INSERT INTO `qb_sell_config` VALUES ('Info_webOpen', '1', '');
INSERT INTO `qb_sell_config` VALUES ('Info_webname', '产品供应', '');
INSERT INTO `qb_sell_config` VALUES ('Info_ReportDB', '非法信息\r\n虚假信息\r\n过期信息', '');
INSERT INTO `qb_sell_config` VALUES ('module_close', '0', '');
INSERT INTO `qb_sell_config` VALUES ('Info_TopColor', '#FF0000', '');

# --------------------------------------------------------

#
# 表的结构 `qb_sell_content`
#

DROP TABLE IF EXISTS `qb_sell_content`;
CREATE TABLE `qb_sell_content` (
  `id` int(10) NOT NULL auto_increment,
  `title` varchar(100) NOT NULL default '',
  `mid` smallint(4) NOT NULL default '0',
  `fid` mediumint(7) NOT NULL default '0',
  `fname` varchar(50) NOT NULL default '',
  `hits` mediumint(7) NOT NULL default '0',
  `comments` mediumint(7) NOT NULL default '0',
  `posttime` int(10) NOT NULL default '0',
  `list` varchar(10) NOT NULL default '',
  `uid` mediumint(7) NOT NULL default '0',
  `username` varchar(30) NOT NULL default '',
  `titlecolor` varchar(15) NOT NULL default '',
  `picurl` varchar(150) NOT NULL default '',
  `ispic` tinyint(1) NOT NULL default '0',
  `yz` tinyint(1) NOT NULL default '0',
  `levels` tinyint(2) NOT NULL default '0',
  `levelstime` int(10) NOT NULL default '0',
  `keywords` varchar(100) NOT NULL default '',
  `ip` varchar(15) NOT NULL default '',
  `lastfid` mediumint(7) NOT NULL default '0',
  `money` mediumint(7) NOT NULL default '0',
  `passwd` varchar(32) NOT NULL default '',
  `begintime` int(10) NOT NULL default '0',
  `endtime` int(10) NOT NULL default '0',
  `lastview` int(10) NOT NULL default '0',
  `city_id` mediumint(7) NOT NULL default '0',
  `picnum` smallint(4) NOT NULL default '0',
  `price` double NOT NULL default '0',
  PRIMARY KEY  (`id`),
  KEY `fid` (`fid`),
  KEY `ispic` (`ispic`),
  KEY `city_id` (`city_id`),
  KEY `list` (`list`,`fid`,`city_id`,`yz`),
  KEY `hits` (`hits`)
) TYPE=MyISAM AUTO_INCREMENT=13 ;

#
# 导出表中的数据 `qb_sell_content`
#

INSERT INTO `qb_sell_content` VALUES (1, '无缝管厚壁合金管', 1, 11, '螺纹钢', 4, 0, 1288610057, '1288610057', 1, 'admin', '', 'http://i00.c.aliimg.com/img/ibank/2010/267/882/137288762_1108421225.310x310.jpg', 1, 1, 0, 0, '', '127.0.0.1', 0, 0, '', 0, 0, 1288610134, 0, 1, '4900');
INSERT INTO `qb_sell_content` VALUES (2, '外径273mm20#45#20G无缝管钢管', 1, 11, '螺纹钢', 1, 0, 1288610257, '1288610257', 1, 'admin', '', 'http://i01.c.aliimg.com/img/ibank/2010/143/884/202488341_1108421225.310x310.jpg', 1, 1, 0, 0, '', '127.0.0.1', 0, 0, '', 0, 0, 1288610258, 0, 1, '5454');
INSERT INTO `qb_sell_content` VALUES (3, '20#45#20G外径89mm小口径厚壁无缝流体管', 1, 11, '螺纹钢', 1, 0, 1288610394, '1288610394', 1, 'admin', '', 'http://i05.c.aliimg.com/img/ibank/2010/127/864/202468721_1108421225.310x310.jpg', 1, 1, 0, 0, '', '127.0.0.1', 0, 0, '', 0, 0, 1288610397, 0, 1, '434');
INSERT INTO `qb_sell_content` VALUES (4, '钢管焊管螺旋管q235直缝焊管Q235', 1, 12, '普线', 1, 0, 1288610490, '1288610490', 1, 'admin', '', 'http://i05.c.aliimg.com/img/ibank/2010/755/984/198489557_1108421225.310x310.jpg', 1, 1, 0, 0, '', '127.0.0.1', 0, 0, '', 0, 0, 1288610492, 0, 1, '434');
INSERT INTO `qb_sell_content` VALUES (5, 'T1-3TU1紫铜管H62黄铜管方铜管铜棒', 1, 13, '高线', 0, 0, 1288610569, '1288610569', 1, 'admin', '', 'http://i01.c.aliimg.com/img/ibank/2010/157/174/198471751_1108421225.310x310.jpg', 1, 1, 0, 0, '', '127.0.0.1', 0, 0, '', 0, 0, 0, 0, 1, '5645');
INSERT INTO `qb_sell_content` VALUES (6, 'T1T3紫铜管宜兴H62黄铜管', 1, 14, '圆钢', 1, 0, 1288610654, '1288610654', 1, 'admin', '', 'http://i03.c.aliimg.com/img/ibank/2010/223/454/198454322_1108421225.310x310.jpg', 1, 1, 0, 0, '', '127.0.0.1', 0, 0, '', 0, 0, 1288610655, 0, 1, '434');
INSERT INTO `qb_sell_content` VALUES (7, '美标20#45#无锡公司精拔锅炉钢管外径12', 1, 15, '线材', 1, 0, 1288610745, '1288610745', 1, 'admin', '', 'http://i02.c.aliimg.com/img/ibank/2010/004/377/201773400_1108421225.310x310.jpg', 1, 1, 0, 0, '', '127.0.0.1', 0, 0, '', 0, 0, 1290501767, 0, 1, '5343');
INSERT INTO `qb_sell_content` VALUES (8, '双面埋弧电弧螺旋直逢焊管Q235工业焊管', 1, 16, '二级螺纹钢', 2, 0, 1288610830, '1288610830', 1, 'admin', '', 'http://i03.c.aliimg.com/img/ibank/2010/472/005/198500274_1108421225.310x310.jpg', 1, 1, 0, 0, '', '127.0.0.1', 0, 0, '', 0, 0, 1288610844, 0, 1, '453');
INSERT INTO `qb_sell_content` VALUES (9, '20#合金管钢管152*12---28无缝流体', 1, 17, '三级螺纹钢', 2, 0, 1288610899, '1288610899', 1, 'admin', '', 'http://i00.c.aliimg.com/img/ibank/2010/423/442/133244324_1108421225.310x310.jpg', 1, 1, 0, 0, '', '127.0.0.1', 0, 0, '', 0, 0, 1293510975, 0, 1, '4343');
INSERT INTO `qb_sell_content` VALUES (10, '201301321不锈钢管合金管', 1, 21, '带钢', 1, 0, 1288611012, '1288611012', 1, 'admin', '', 'http://i05.c.aliimg.com/img/ibank/2010/710/902/149209017_1108421225.310x310.jpg', 1, 1, 0, 0, '', '127.0.0.1', 0, 0, '', 0, 0, 1288680845, 0, 1, '434');
INSERT INTO `qb_sell_content` VALUES (11, '200*200*10方管|天津方管现货', 1, 33, '冷轧板', 2, 0, 1288611083, '1288611083', 1, 'admin', '', 'http://i00.c.aliimg.com/img/ibank/2010/673/938/124839376_1108421225.310x310.jpg', 1, 1, 0, 0, '', '127.0.0.1', 0, 0, '', 0, 0, 1288675144, 0, 1, '5435');
INSERT INTO `qb_sell_content` VALUES (12, '630*12现货螺旋钢管', 1, 46, '船板', 1, 0, 1288611221, '1288611221', 1, 'admin', '', 'http://i00.c.aliimg.com/img/ibank/2010/733/921/124129337_1108421225.310x310.jpg', 1, 1, 0, 0, '', '127.0.0.1', 0, 0, '', 0, 0, 1288611222, 0, 1, '654');

# --------------------------------------------------------

#
# 表的结构 `qb_sell_content_1`
#

DROP TABLE IF EXISTS `qb_sell_content_1`;
CREATE TABLE `qb_sell_content_1` (
  `rid` mediumint(7) NOT NULL auto_increment,
  `id` mediumint(7) NOT NULL default '0',
  `fid` mediumint(7) NOT NULL default '0',
  `uid` mediumint(7) NOT NULL default '0',
  `content` mediumtext NOT NULL,
  `shoptype` varchar(50) NOT NULL default '',
  `my_units` varchar(10) NOT NULL default '',
  `order_min` int(7) NOT NULL default '0',
  `order_max` varchar(7) NOT NULL default '',
  `send_day` varchar(30) NOT NULL default '',
  PRIMARY KEY  (`rid`),
  KEY `fid` (`fid`),
  KEY `id` (`id`),
  KEY `uid` (`uid`)
) TYPE=MyISAM AUTO_INCREMENT=13 ;

#
# 导出表中的数据 `qb_sell_content_1`
#

INSERT INTO `qb_sell_content_1` VALUES (1, 1, 11, 1, '<p>专业生产不锈钢非标无缝工业管/厚壁管/。主要材质有201、202、301、304、304L、TP304、316、316L、TP316、TP316L、321、TP321、317L、309S、310S、410、430、316Ti、347H、2205、430F、17-4PH、17-7PH、2520、904L、347H等.</p>\r\n<p>&nbsp;不锈钢厚壁管：φ20×7―830*50&nbsp;&nbsp;&nbsp;&nbsp;&nbsp;&nbsp; 不锈钢常规管：φ5×0.8―630×15</p>\r\n<p>&nbsp;不锈钢异型管: 12×12×1―120×120×12扁管：40×20×2―200×100×10</p>\r\n<p>不锈钢冷板0.4mm-0.9mm*1m*2m/4寸*8寸，</p>\r\n<p>&nbsp;&nbsp;&nbsp;&nbsp;&nbsp;&nbsp;&nbsp;&nbsp;&nbsp; 1.0mm-3.0mm*1m*2m/4寸*8寸</p>\r\n<p>不锈钢热板3.0mm-4.0mm*1250*6000</p>\r\n<p>&nbsp;&nbsp;&nbsp;&nbsp;&nbsp;&nbsp;&nbsp;&nbsp;&nbsp;&nbsp; 3.0mm-60mm*1250*6000</p>\r\n<p>&nbsp;另备有各种不锈钢法兰、冲压弯头、截止阀、球阀、各种不锈钢管件</p>\r\n<p>&nbsp;</p>\r\n<p>201、202、301、304、304L、TP304、316、316L、TP316、TP316L、321、TP321、317L309S、310S等.<br />\r\n</p>\r\n', 'TS', '吨', 12, '222', '3天以内发货');
INSERT INTO `qb_sell_content_1` VALUES (2, 2, 11, 1, '<p>钢管行业领导者聊城市金峰钢材有限公司以卓越的产品，一流的服务，合理的价格服务于广大客户。公司拥有富于开拓精<br />\r\n聊城市金峰钢材有限公司集生产、销售、科研与一体的综合性钢铁公司，公司在钢铁行业中有较高的信誉，常年经营成都、包钢 、冶钢、鲁宝、鞍钢、安阳、宝钢、天津等几大钢厂的的优质无缝钢管，规格齐全，保质保量。公司一贯以服务第一、质量第一、价格合理、客户至上、服务周到、让利客户、薄利多销为原则，诚实守信为宗旨。经过多年的经营，已经同全国各大钢厂建立了稳固的供货体系，同使用单位建立了良好的销售体系。 </p>\r\n<p>现有无缝钢管冷轧机组六条，无缝管穿孔机组生产线两条，冷拔无缝钢管生产线六条，精密无缝钢管生产线四条，热轧钢管生产线一条，常年生产10#、20#、35#、45#、16mn、27simn等规格的厚壁结构用无缝钢管、流体用无缝钢管、高压锅炉用无缝钢管、船舶用无缝钢管、化肥生产专用无缝钢管、输油用无缝钢管、高压锅炉管... </p>\r\n<p>本公司常年销售成都、包钢 、冶钢、鲁宝、鞍钢、安阳、宝钢、天津等几大钢厂的现货无缝管，常备资源材质为：20＃、35＃、 45＃、20G 、16Mn 、27SiMn 、12Cr1MoV 、15CrMo 、35CrMo 、T91 、ST45.8-3 、SA106B 、A335P22 、 A335P11、STFA23 、10CrMo910等。执行标准为：结构管 GB8162-1999 、流体管 GB8163-1999 、低中压锅炉管 3087-1999 、高压锅炉管 GB5310-1995 、化肥专用管 GB6479-2000 、石油裂化管 GB9948-88 、船舶专用管GB5312-99、我公司以现货供应的方式销售： 201 、 202 、 304 、 321 、 316 、 316L 、 310S 不锈钢板， 304 、 321 、 316 、、 316L 、 310S 不锈钢管， 1Cr17Ni2 、 0Cr13 、 1Cr13 、 2Cr13 、 3Cr13 、 4Cr1 3 、 304 、 321 、 316 、、 316L 、 310S 不锈钢棒,同时我公司备有千吨合金管。 欢迎新老客户前来洽谈业务。<br />\r\n</p>\r\n', 'u7', '吨', 34, '54', '3天以内发货');
INSERT INTO `qb_sell_content_1` VALUES (3, 3, 11, 1, '<p>聊城市金峰钢材有限公司，成立于2005年9月注册资金1160万元；<br />\r\n金峰公司是聊城市较大的钢管生产、经营企业。有两家分公司。<br />\r\n其中金鹏钢管制造有限公司为现代化中型生产企业，<br />\r\n金峰钢材有限公司和北京亚通永发商贸有限公司为钢材经销流通企业。<br />\r\n固定资产达3400万元，职工980余人；是当今集钢材制造加工销售于一体的大型钢材流通企业。<br />\r\n一、金鹏钢管制造有限公司<br />\r\n&nbsp;公司注册资金500万元，现拥有穿孔机组两套，冷拔机组六套，职工600余人，<br />\r\n主要生产φ5-φ2860?-100钢管年生产能力为10万吨以上。</p>\r\n<p>二、金峰钢材有限公司 <br />\r\n&nbsp;<br />\r\n公司不但经营本厂生产各种型号的钢管，而且经营包钢、樊钢、天津大无缝钢管厂生产的大口径、厚壁的无缝钢管。代理各大厂家的螺旋管、直缝管、不锈钢管、高压管件、高压电站弯管、封头、高压法兰、阀门等。</p>\r\n<p>&nbsp;公司经营的结构用无缝钢管、输送流体用无缝钢管、低中压锅炉用无缝钢管、高压锅炉用无缝钢管、合金结构用无缝钢管、石油裂化用无缝钢管和冷轧精密无缝钢管等七大系列产品广泛应用于军工、锅炉、石油化工、机械制造和液压流动基础件行业。</p>\r\n<p>三、北京亚通永发商贸有限公司<br />\r\n&nbsp;<br />\r\n北京亚通永发商贸有限公司注册资金500万元，位于北京市大兴区黄材镇大兴矿物局储运公司，是集钢材流通、销售于一体的大型货物流通公司，本公司不仅经营国内多家公司制造的各种型号型钢、槽钢、圆钢还可根据客户需求订制、调运各种管材、特殊钢材。<br />\r\n&nbsp;公司国际流通业务部，能够及时为您提供国际各钢材市场的时价，并以良好的信誉将本公司产品远销日本、泰国、台湾及欧洲，深受国内外用户的好评。<br />\r\n&nbsp;<br />\r\n致此向多年来一直支持、关心和帮助我公司发展的各界朋友及新老客户致意：并以满足客户的需求为己任，将更优的产品，更周到的服务奉献给您！竭诚欢迎国内外客户惠顾。</p>\r\n<p>&nbsp;</p>\r\n<p>&nbsp;</p>\r\n', 'f34', '吨', 2, '43', '3天以内发货');
INSERT INTO `qb_sell_content_1` VALUES (4, 4, 12, 1, '聊城市金峰钢材有限公司销售部位于中国聊城开发区辽河路东首路南，聊城市金峰钢材有限公司销售部是一家钢管、板材、管件、圆钢、型材、不锈钢材等产品的经销批发的有限责任公司。聊城市金峰钢材有限公司销售部经营的钢管、板材、管件、圆钢、型材、不锈钢材畅销消费者市场。聊城市金峰钢材有限公司销售部的产品在消费者当中享有较高的地位，公司与多家零售商和代理商建立了长期稳定的合作关系。聊城市金峰钢材有限公司销售部经销的钢管、板材、管件、圆钢、型材、不锈钢材品种齐全、价格合理。聊城市金峰钢材有限公司销售部实力雄厚，重信用、守合同、保证产品质量，以多品种经营特色和薄利多销的原则，赢得了广大客户的信任。', 'Q235', '吨', 43, '54', '3天以内发货');
INSERT INTO `qb_sell_content_1` VALUES (5, 5, 13, 1, '聊城市金峰钢材有限公司销售部位于中国聊城开发区辽河路东首路南，聊城市金峰钢材有限公司销售部是一家钢管、板材、管件、圆钢、型材、不锈钢材等产品的经销批发的有限责任公司。聊城市金峰钢材有限公司销售部经营的钢管、板材、管件、圆钢、型材、不锈钢材畅销消费者市场。聊城市金峰钢材有限公司销售部的产品在消费者当中享有较高的地位，公司与多家零售商和代理商建立了长期稳定的合作关系。聊城市金峰钢材有限公司销售部经销的钢管、板材、管件、圆钢、型材、不锈钢材品种齐全、价格合理。聊城市金峰钢材有限公司销售部实力雄厚，重信用、守合同、保证产品质量，以多品种经营特色和薄利多销的原则，赢得了广大客户的信任。', 'f3', '吨', 43, '434', '3天以内发货');
INSERT INTO `qb_sell_content_1` VALUES (6, 6, 14, 1, '<p>聊城市金峰钢材有限公司销售部位于中国聊城开发区辽河路东首路南，聊城市金峰钢材有限公司销售部是一家钢管、板材、管件、圆钢、型材、不锈钢材等产品的经销批发的有限责任公司。聊城市金峰钢材有限公司销售部经营的钢管、板材、管件、圆钢、型材、不锈钢材畅销消费者市场。聊城市金峰钢材有限公司销售部的产品在消费者当中享有较高的地位，公司与多家零售商和代理商建立了长期稳定的合作关系。聊城市金峰钢材有限公司销售部经销的钢管、板材、管件、圆钢、型材、不锈钢材品种齐全、价格合理。聊城市金峰钢材有限公司销售部实力雄厚，重信用、守合同、保证产品质量，以多品种经营特色和薄利多销的原则，赢得了广大客户的信任。</p>\r\n<p>&nbsp;</p>\r\n<p>&nbsp;</p>\r\n<p>&nbsp;</p>\r\n', 'g4', '吨', 43, '433', '3天以内发货');
INSERT INTO `qb_sell_content_1` VALUES (7, 7, 15, 1, '<p>我公司可生产30-273*2-40的无缝管并长期代理包钢、天津、西宁、冶钢、鲁宝、衡阳、攀钢等各大钢厂的产品，主要材质有：20#、45#、20G、20Cr、40Cr、15CrMoG、12Cr1MoVG、16Mn、27SiMn、30-42CrMo、10CrMo910、T12、T22、T91、P12、P91、15Mo3、Cr5Mo、1Cr5Mo等</p>\r\n<p>另可定做30*30*3-500*500*25的焊接方管、无缝方管，</p>\r\n<p>&nbsp;</p>\r\n', 'd3', '吨', 23, '54', '3天以内发货');
INSERT INTO `qb_sell_content_1` VALUES (8, 8, 16, 1, '<div><p><span style="color:#333333;font-size:9pt;font-family:\'宋体\';">聊城市金峰钢材有限公司销售部位于中国聊城开发区辽河路东首路南，聊城市金峰钢材有限公司销售部是一家钢管、板材、管件、圆钢、型材、不锈钢材等产品的经销批发的有限责任公司。聊城市金峰钢材有限公司销售部经营的钢管、板材、管件、圆钢、型材、不锈钢材畅销消费者市场。聊城市金峰钢材有限公司销售部的产品在消费者当中享有较高的地位，公司与多家零售商和代理商建立了长期稳定的合作关系。聊城市金峰钢材有限公司销售部经销的钢管、板材、管件、圆钢、型材、不锈钢材品种齐全、价格合理。聊城市金峰钢材有限公司销售部实力雄厚，重信用、守合同、保证产品质量，以多品种经营特色和薄利多销的原则，赢得了广大客户的信任。</span></p>\r\n<p><span style="font-size:24pt;"><span style="color:#008000;"><span style="font-family:\'宋体\';">电</span><span style="font-family:\'Arial\';">&nbsp;&nbsp;&nbsp;&nbsp;</span><span style="font-family:\'宋体\';">话：</span><span style="font-family:\'Arial\';">&nbsp;86&nbsp;0635&nbsp;8877058&nbsp;&nbsp;&nbsp;8877059</span></span></span><span style="color:#333333;font-size:10pt;font-family:\'Arial\';"><br />\r\n</span><span style="font-size:24pt;"><span style="color:#008000;"><span style="font-family:\'宋体\';">移动电话：</span><span style="font-family:\'Arial\';">&nbsp;13561235169&nbsp;&nbsp;&nbsp;13306356318</span></span></span><span style="color:#333333;font-size:10pt;font-family:\'Arial\';"><br />\r\n</span><span style="font-size:24pt;"><span style="color:#008000;"><span style="font-family:\'宋体\';">传</span><span style="font-family:\'Arial\';">&nbsp;&nbsp;&nbsp;&nbsp;</span><span style="font-family:\'宋体\';">真：</span><span style="font-family:\'Arial\';">&nbsp;86&nbsp;0635&nbsp;2188782</span></span></span></p>\r\n</div>\r\n', 'g5', '吨', 6, '76', '3天以内发货');
INSERT INTO `qb_sell_content_1` VALUES (9, 9, 17, 1, '<span style="color:#333333;font-family:宋体;">本公司常年代理首钢，邯钢，宝钢、成都、天钢、包钢、鞍钢、、冶钢、安钢、衡钢等各大钢厂的产品。</span><span style="color:#333333;font-family:Arial;"><br />\r\n</span><span style="color:#333333;font-family:宋体;">现公司有以下主要产品，</span><span style="color:#333333;font-family:Arial;"><br />\r\n</span><span style="color:#333333;font-family:宋体;">一、不锈钢管、不锈钢棒材、不锈钢板材系列</span><span style="color:#333333;font-family:Arial;">.<br />\r\n</span><span style="color:#333333;font-family:宋体;">结构用不锈钢管（</span><span style="color:#333333;font-family:Arial;">GB/T14975</span><span style="color:#333333;font-family:宋体;">），流体用不锈钢管</span><span style="color:#333333;font-family:Arial;">(GB/T14975)</span><span style="color:#333333;font-family:宋体;">等</span><span style="color:#333333;font-family:Arial;"><br />\r\n</span><span style="color:#333333;font-family:宋体;">不锈钢无缝管材质有</span><span style="color:#333333;font-family:Arial;">;201,202,301,310,310S,304,304L,316,316L,321,439,436,437..<br />\r\n</span><span style="color:#333333;font-family:宋体;">不锈钢棒材材质有</span><span style="color:#333333;font-family:Arial;">;201,202,301,310S,321,304,304L,316,316L,321,1Cr13,2Cr13,3Cr13<br />\r\n&nbsp;</span><span style="color:#333333;font-family:宋体;">二、</span><span style="color:#333333;font-family:Arial;"><span style="color:#333333;font-family:宋体;">合金管、无缝管系列。</span><span style="color:#333333;font-family:Arial;"><br />\r\n</span><span style="color:#333333;font-family:宋体;">结</span><span style="color:#333333;font-family:Arial;"><span style="color:#333333;font-family:宋体;">构</span><span style="color:#333333;font-family:Arial;"><span style="color:#333333;font-family:宋体;">管</span><span style="color:#333333;font-family:Arial;">GB8162---99,</span><span style="color:#333333;font-family:宋体;">流体管</span><span style="color:#333333;font-family:Arial;">GB8163---99,</span><span style="color:#333333;font-family:宋体;">低中压锅炉管</span><span style="color:#333333;font-family:Arial;">GB3087―2000<br />\r\n</span><span style="color:#333333;font-family:宋体;">高压锅炉管</span><span style="color:#333333;font-family:Arial;">GB5310--95</span><span style="color:#333333;font-family:宋体;">化肥专用管</span><span style="color:#333333;font-family:Arial;">GB6479―86</span><span style="color:#333333;font-family:宋体;">石油裂化管</span><span style="color:#333333;font-family:Arial;">GB9948-----1988<br />\r\n</span><span style="color:#333333;font-family:宋体;">液压支柱管</span><span style="color:#333333;font-family:Arial;">GB/T17396-98</span><span style="color:#333333;font-family:宋体;">地质钻探管</span><span style="color:#333333;font-family:Arial;">YB235-70</span><span style="color:#333333;font-family:宋体;">汽车半轴套管</span><span style="color:#333333;font-family:Arial;">YB/T5035-99<br />\r\n</span><span style="color:#333333;font-family:宋体;">具体材质；</span><span style="color:#333333;font-family:Arial;">10#</span><span style="color:#333333;font-family:宋体;">，</span><span style="color:#333333;font-family:Arial;">20#</span><span style="color:#333333;font-family:宋体;">，</span><span style="color:#333333;font-family:Arial;">45#</span><span style="color:#333333;font-family:宋体;">，</span><span style="color:#333333;font-family:Arial;">20G</span><span style="color:#333333;font-family:宋体;">，</span><span style="color:#333333;font-family:Arial;">16Mn,27SiMn,15CrMo,15CrMoG,12Cr1MoV<br />\r\n20CrMo, 35CrMo, 42CrMo, 12Cr1MoVG, Cr5Mo, 10CrMo910, WB36,<br />\r\n13CrMo44,34CrMo4,P5,12Cr2MoV,P11 P12.,P22,P91</span><span style="color:#333333;font-family:宋体;">等</span></span>', 'tt4', '吨', 43, '555', '3天以内发货');
INSERT INTO `qb_sell_content_1` VALUES (10, 10, 21, 1, '<p>我公司库存规格齐全，批发、零售均可少收，价格低量、带发运输。</p>\r\n<p>专业生产不锈钢非标无缝工业管/厚壁管/。主要材质有201、202、301、304、304L、TP304、316、316L、TP316、TP316L、321、TP321、317L、309S、310S、410、430、316Ti、347H、2205、430F、17-4PH、17-7PH、2520、904L、347H等.</p>\r\n<p>&nbsp;不锈钢厚壁管：φ20×7―830*50&nbsp;&nbsp;&nbsp;&nbsp;&nbsp;&nbsp; 不锈钢常规管：φ5×0.8―630×15</p>\r\n<p>&nbsp;不锈钢异型管: 12×12×1―120×120×12扁管：40×20×2―200×100×10</p>\r\n<p>不锈钢冷板0.4mm-0.9mm*1m*2m/4寸*8寸，</p>\r\n<p>&nbsp;&nbsp;&nbsp;&nbsp;&nbsp;&nbsp;&nbsp;&nbsp;&nbsp; 1.0mm-3.0mm*1m*2m/4寸*8寸</p>\r\n<p>不锈钢热板3.0mm-4.0mm*1250*6000</p>\r\n<p>&nbsp;&nbsp;&nbsp;&nbsp;&nbsp;&nbsp;&nbsp;&nbsp;&nbsp;&nbsp; 3.0mm-60mm*1250*6000</p>\r\n<p>&nbsp;另备有各种不锈钢法兰、冲压弯头、截止阀、球阀、各种不锈钢管件</p>\r\n<p>&nbsp;</p>\r\n<p>201、202、301、304、304L、TP304、316、316L、TP316、TP316L、321、TP321、317L309S、310S等.</p>\r\n<p>&nbsp;</p>\r\n', 't54', '吨', 6, '54', '3天以内发货');
INSERT INTO `qb_sell_content_1` VALUES (11, 11, 33, 1, '聊城市金峰钢材有限公司销售部位于中国聊城开发区辽河路东首路南，聊城市金峰钢材有限公司销售部是一家钢管、板材、管件、圆钢、型材、不锈钢材等产品的经销批发的有限责任公司。聊城市金峰钢材有限公司销售部经营的钢管、板材、管件、圆钢、型材、不锈钢材畅销消费者市场。聊城市金峰钢材有限公司销售部的产品在消费者当中享有较高的地位，公司与多家零售商和代理商建立了长期稳定的合作关系。聊城市金峰钢材有限公司销售部经销的钢管、板材、管件、圆钢、型材、不锈钢材品种齐全、价格合理。聊城市金峰钢材有限公司销售部实力雄厚，重信用、守合同、保证产品质量，以多品种经营特色和薄利多销的原则，赢得了广大客户的信任。', 'g54', '吨', 5, '34', '3天以内发货');
INSERT INTO `qb_sell_content_1` VALUES (12, 12, 46, 1, '<p>聊城市金峰钢材有限公司销售部位于中国聊城开发区辽河路东首路南，聊城市金峰钢材有限公司销售部是一家钢管、板材、管件、圆钢、型材、不锈钢材等产品的经销批发的有限责任公司。聊城市金峰钢材有限公司销售部经营的钢管、板材、管件、圆钢、型材、不锈钢材畅销消费者市场。聊城市金峰钢材有限公司销售部的产品在消费者当中享有较高的地位，公司与多家零售商和代理商建立了长期稳定的合作关系。聊城市金峰钢材有限公司销售部经销的钢管、板材、管件、圆钢、型材、不锈钢材品种齐全、价格合理。聊城市金峰钢材有限公司销售部实力雄厚，重信用、守合同、保证产品质量，以多品种经营特色和薄利多销的原则，赢得了广大客户的信任。</p>\r\n<p>电&nbsp;&nbsp;&nbsp; 话： 86 0635 8877058&nbsp;&nbsp; 8877059<br />\r\n移动电话： 13561235169&nbsp;&nbsp; 13306356318<br />\r\n传&nbsp;&nbsp;&nbsp; 真： 86 0635 2188782</p>\r\n<p>&nbsp;</p>\r\n', 'g54', '吨', 5, '65', '3天以内发货');

# --------------------------------------------------------

#
# 表的结构 `qb_sell_content_2`
#

DROP TABLE IF EXISTS `qb_sell_content_2`;
CREATE TABLE `qb_sell_content_2` (
  `rid` mediumint(7) NOT NULL auto_increment,
  `id` int(10) NOT NULL default '0',
  `fid` mediumint(7) NOT NULL default '0',
  `uid` mediumint(7) NOT NULL default '0',
  `content` mediumtext NOT NULL,
  `ask_username` varchar(20) NOT NULL default '',
  `ask_phone` varchar(20) NOT NULL default '',
  `ask_mobphone` varchar(15) NOT NULL default '',
  `ask_email` varchar(50) NOT NULL default '',
  `ask_qq` varchar(11) NOT NULL default '',
  `ask_title` varchar(100) NOT NULL default '',
  `order_num` int(6) NOT NULL default '0',
  `hope_price` varchar(20) NOT NULL default '',
  `hope_know` varchar(255) NOT NULL default '',
  `hope_reply` varchar(25) NOT NULL default '',
  PRIMARY KEY  (`rid`),
  KEY `fid` (`fid`),
  KEY `id` (`id`),
  KEY `uid` (`uid`)
) TYPE=MyISAM AUTO_INCREMENT=1 ;

#
# 导出表中的数据 `qb_sell_content_2`
#


# --------------------------------------------------------

#
# 表的结构 `qb_sell_db`
#

DROP TABLE IF EXISTS `qb_sell_db`;
CREATE TABLE `qb_sell_db` (
  `id` int(10) NOT NULL auto_increment,
  `fid` mediumint(7) NOT NULL default '0',
  `city_id` mediumint(7) NOT NULL default '0',
  `uid` mediumint(7) NOT NULL default '0',
  PRIMARY KEY  (`id`),
  KEY `fid` (`fid`),
  KEY `city_id` (`city_id`),
  KEY `uid` (`uid`)
) TYPE=MyISAM AUTO_INCREMENT=13 ;

#
# 导出表中的数据 `qb_sell_db`
#

INSERT INTO `qb_sell_db` VALUES (1, 11, 0, 1);
INSERT INTO `qb_sell_db` VALUES (2, 11, 0, 1);
INSERT INTO `qb_sell_db` VALUES (3, 11, 0, 1);
INSERT INTO `qb_sell_db` VALUES (4, 12, 0, 1);
INSERT INTO `qb_sell_db` VALUES (5, 13, 0, 1);
INSERT INTO `qb_sell_db` VALUES (6, 14, 0, 1);
INSERT INTO `qb_sell_db` VALUES (7, 15, 0, 1);
INSERT INTO `qb_sell_db` VALUES (8, 16, 0, 1);
INSERT INTO `qb_sell_db` VALUES (9, 17, 0, 1);
INSERT INTO `qb_sell_db` VALUES (10, 21, 0, 1);
INSERT INTO `qb_sell_db` VALUES (11, 33, 0, 1);
INSERT INTO `qb_sell_db` VALUES (12, 46, 0, 1);

# --------------------------------------------------------

#
# 表的结构 `qb_sell_field`
#

DROP TABLE IF EXISTS `qb_sell_field`;
CREATE TABLE `qb_sell_field` (
  `id` mediumint(7) NOT NULL auto_increment,
  `mid` mediumint(5) NOT NULL default '0',
  `title` varchar(50) NOT NULL default '',
  `field_name` varchar(30) NOT NULL default '',
  `field_type` varchar(15) NOT NULL default '',
  `field_leng` smallint(3) NOT NULL default '0',
  `orderlist` int(10) NOT NULL default '0',
  `form_type` varchar(15) NOT NULL default '',
  `field_inputwidth` smallint(3) default NULL,
  `field_inputheight` smallint(3) NOT NULL default '0',
  `form_set` text NOT NULL,
  `form_value` text NOT NULL,
  `form_units` varchar(255) NOT NULL default '',
  `form_title` text NOT NULL,
  `mustfill` tinyint(1) NOT NULL default '0',
  `listshow` tinyint(1) NOT NULL default '0',
  `listfilter` tinyint(1) default NULL,
  `search` tinyint(1) NOT NULL default '0',
  `allowview` varchar(255) NOT NULL default '',
  `allowpost` varchar(255) NOT NULL default '',
  `js_check` text NOT NULL,
  `js_checkmsg` varchar(255) NOT NULL default '',
  `classid` mediumint(7) NOT NULL default '0',
  `form_js` text NOT NULL,
  PRIMARY KEY  (`id`)
) TYPE=MyISAM AUTO_INCREMENT=162 ;

#
# 导出表中的数据 `qb_sell_field`
#

INSERT INTO `qb_sell_field` VALUES (86, 1, '详细介绍', 'content', 'mediumtext', 0, -1, 'ieeditsimp', 600, 250, '', '', '', '', 0, 0, 0, 0, '', '', '', '', 0, '');
INSERT INTO `qb_sell_field` VALUES (159, 2, '期望价格', 'hope_price', 'varchar', 20, 18, 'text', 50, 0, '', '', '单价', '', 1, 0, 0, 0, '', '', '', '', 0, '');
INSERT INTO `qb_sell_field` VALUES (160, 2, '还想了解', 'hope_know', 'varchar', 255, 17, 'checkbox', 0, 0, '单价\r\n产品规格、型号\r\n价格条款\r\n原产地\r\n能否提供样品\r\n最小订货量\r\n交货期\r\n供货能力\r\n销售条款及附加条件\r\n包装方式\r\n质量/安全认证', '单价', '', '', 0, 0, 0, 0, '', '', '', '', 0, '');
INSERT INTO `qb_sell_field` VALUES (158, 2, '订货总量', 'order_num', 'int', 6, 19, 'text', 50, 0, '', '', '', '', 1, 0, 0, 0, '', '', '', '', 0, '');
INSERT INTO `qb_sell_field` VALUES (80, 1, '型号', 'shoptype', 'varchar', 50, 6, 'text', 10, 0, '', '', '', '', 0, 0, 0, 0, '', '', '', '', 31, '');
INSERT INTO `qb_sell_field` VALUES (142, 2, '补充信息', 'content', 'mediumtext', 0, 15, 'textarea', 500, 70, '', '', '', '', 0, 0, 0, 0, '', '', '', '', 0, '<br><select name=\'autoSelect\' onchange="changeaddContent(this);">\r\n<option value=\'\'>(懒得打字？“快速填写”帮您忙！) </option>\r\n<option value=\'我对贵公司的产品非常感兴趣，能否发一些详细资料给我参考？\'>我对贵公司的产品非常感兴趣，能否发一些详细资料给我参考？</option> \r\n<option value=\'请您发一份比较详细的产品规格说明，谢谢！\'>请您发一份比较详细的产品规格说明，谢谢！</option> \r\n<option value=\'请问贵公司产品是否可以代理？代理条件是什么？\'>请问贵公司产品是否可以代理？代理条件是什么？</option> \r\n<option value=\'我公司有意购买此产品，可否提供此产品的报价单和最小起订量？\'>我公司有意购买此产品，可否提供此产品的报价单和最小起订量？</option> \r\n</select>\r\n<SCRIPT language="javascript">\r\n            function changeaddContent(autoSelect){\r\n			 	if (autoSelect.selectedIndex !=0){			 		\r\n			 		document.getElementById("atc_content").value = autoSelect[autoSelect.selectedIndex].value;\r\n					autoSelect.selectedIndex=0;\r\n			 	}\r\n				\r\n			 }\r\n	     </SCRIPT>');
INSERT INTO `qb_sell_field` VALUES (154, 1, '最小起订', 'order_min', 'int', 7, 8, 'text', 30, 0, '', '', '', '', 0, 0, 0, 0, '', '', '', '', 0, '');
INSERT INTO `qb_sell_field` VALUES (153, 1, '计量单位', 'my_units', 'varchar', 10, 9, 'text', 50, 0, '', '', '', '', 0, 0, 0, 0, '', '', '', '', 0, '');
INSERT INTO `qb_sell_field` VALUES (145, 2, '联系电话', 'ask_phone', 'varchar', 20, 8, 'text', 100, 0, '', '', '', '', 0, 0, 0, 0, '', '', '', '', 0, '');
INSERT INTO `qb_sell_field` VALUES (144, 2, '联系人姓名', 'ask_username', 'varchar', 20, 9, 'text', 100, 0, '', '', '', '', 0, 0, 0, 0, '', '', '', '', 0, '');
INSERT INTO `qb_sell_field` VALUES (146, 2, '联系手机', 'ask_mobphone', 'varchar', 15, 7, 'text', 100, 0, '', '', '', '', 0, 0, 0, 0, '', '', '', '', 0, '');
INSERT INTO `qb_sell_field` VALUES (147, 2, '联系邮箱', 'ask_email', 'varchar', 50, 6, 'text', 100, 0, '', '', '', '', 0, 0, 0, 0, '', '', '', '', 0, '');
INSERT INTO `qb_sell_field` VALUES (148, 2, '联系QQ', 'ask_qq', 'varchar', 11, 5, 'text', 100, 0, '', '', '', '', 0, 0, 0, 0, '', '', '', '', 0, '');
INSERT INTO `qb_sell_field` VALUES (155, 1, '最大供货', 'order_max', 'varchar', 7, 7, 'text', 30, 0, '', '', '', '', 0, 0, 0, 0, '', '', '', '', 0, '');
INSERT INTO `qb_sell_field` VALUES (156, 1, '发货期限', 'send_day', 'varchar', 30, 5, 'select', 0, 0, '3天以内发货\r\n3-7天内发货\r\n7-10天内发货\r\n10天以上发货\r\n待商议', '', '', '', 0, 0, 0, 0, '', '', '', '', 0, '');
INSERT INTO `qb_sell_field` VALUES (157, 2, '询价标题', 'ask_title', 'varchar', 100, 20, 'text', 300, 0, '', '', '', '', 1, 0, 0, 0, '', '', '', '', 0, '');
INSERT INTO `qb_sell_field` VALUES (161, 2, '我希望', 'hope_reply', 'varchar', 25, 14, 'time', 0, 0, '', '', '之前回复', '', 0, 0, 0, 0, '', '', '', '', 0, '');

# --------------------------------------------------------

#
# 表的结构 `qb_sell_join`
#

DROP TABLE IF EXISTS `qb_sell_join`;
CREATE TABLE `qb_sell_join` (
  `id` mediumint(7) NOT NULL auto_increment,
  `mid` smallint(4) NOT NULL default '0',
  `cid` mediumint(7) NOT NULL default '0',
  `cuid` mediumint(7) NOT NULL default '0',
  `fid` mediumint(7) NOT NULL default '0',
  `posttime` int(10) NOT NULL default '0',
  `uid` mediumint(7) NOT NULL default '0',
  `username` varchar(30) NOT NULL default '',
  `yz` tinyint(1) NOT NULL default '0',
  `ip` varchar(15) NOT NULL default '',
  PRIMARY KEY  (`id`),
  KEY `mid` (`mid`),
  KEY `fid` (`fid`,`cid`),
  KEY `yz` (`yz`,`fid`,`mid`,`cid`),
  KEY `cuid` (`cuid`)
) TYPE=MyISAM AUTO_INCREMENT=1 ;

#
# 导出表中的数据 `qb_sell_join`
#


# --------------------------------------------------------

#
# 表的结构 `qb_sell_module`
#

DROP TABLE IF EXISTS `qb_sell_module`;
CREATE TABLE `qb_sell_module` (
  `id` smallint(4) NOT NULL auto_increment,
  `sort_id` mediumint(5) NOT NULL default '0',
  `name` varchar(50) NOT NULL default '',
  `list` smallint(4) NOT NULL default '0',
  `style` varchar(50) NOT NULL default '',
  `config` text NOT NULL,
  `config2` text NOT NULL,
  `comment_type` tinyint(1) NOT NULL default '0',
  `ifdp` tinyint(1) NOT NULL default '0',
  `template` text NOT NULL,
  PRIMARY KEY  (`id`)
) TYPE=MyISAM AUTO_INCREMENT=3 ;

#
# 导出表中的数据 `qb_sell_module`
#

INSERT INTO `qb_sell_module` VALUES (2, 0, '询价单模型', 1, '', '', '', 0, 0, 'a:4:{s:4:"list";s:12:"joinlist.htm";s:4:"show";s:12:"joinshow.htm";s:4:"post";s:8:"join.htm";s:6:"search";s:0:"";}');
INSERT INTO `qb_sell_module` VALUES (1, 0, '产品模型', 4, '', '', '', 1, 0, '');

# --------------------------------------------------------

#
# 表的结构 `qb_sell_pic`
#

DROP TABLE IF EXISTS `qb_sell_pic`;
CREATE TABLE `qb_sell_pic` (
  `pid` mediumint(7) NOT NULL auto_increment,
  `id` mediumint(10) NOT NULL default '0',
  `fid` mediumint(7) NOT NULL default '0',
  `mid` smallint(4) NOT NULL default '0',
  `uid` mediumint(7) NOT NULL default '0',
  `type` tinyint(1) NOT NULL default '0',
  `imgurl` varchar(150) NOT NULL default '',
  `name` varchar(100) NOT NULL default '',
  PRIMARY KEY  (`pid`),
  KEY `id` (`id`),
  KEY `fid` (`fid`)
) TYPE=MyISAM AUTO_INCREMENT=13 ;

#
# 导出表中的数据 `qb_sell_pic`
#

INSERT INTO `qb_sell_pic` VALUES (1, 1, 11, 0, 1, 0, 'http://i00.c.aliimg.com/img/ibank/2010/267/882/137288762_1108421225.310x310.jpg', '');
INSERT INTO `qb_sell_pic` VALUES (2, 2, 11, 0, 1, 0, 'http://i01.c.aliimg.com/img/ibank/2010/143/884/202488341_1108421225.310x310.jpg', '');
INSERT INTO `qb_sell_pic` VALUES (3, 3, 11, 0, 1, 0, 'http://i05.c.aliimg.com/img/ibank/2010/127/864/202468721_1108421225.310x310.jpg', '');
INSERT INTO `qb_sell_pic` VALUES (4, 4, 12, 0, 1, 0, 'http://i05.c.aliimg.com/img/ibank/2010/755/984/198489557_1108421225.310x310.jpg', '');
INSERT INTO `qb_sell_pic` VALUES (5, 5, 13, 0, 1, 0, 'http://i01.c.aliimg.com/img/ibank/2010/157/174/198471751_1108421225.310x310.jpg', '');
INSERT INTO `qb_sell_pic` VALUES (6, 6, 14, 0, 1, 0, 'http://i03.c.aliimg.com/img/ibank/2010/223/454/198454322_1108421225.310x310.jpg', '');
INSERT INTO `qb_sell_pic` VALUES (7, 7, 15, 0, 1, 0, 'http://i02.c.aliimg.com/img/ibank/2010/004/377/201773400_1108421225.310x310.jpg', '');
INSERT INTO `qb_sell_pic` VALUES (8, 8, 16, 0, 1, 0, 'http://i03.c.aliimg.com/img/ibank/2010/472/005/198500274_1108421225.310x310.jpg', '');
INSERT INTO `qb_sell_pic` VALUES (9, 9, 17, 0, 1, 0, 'http://i00.c.aliimg.com/img/ibank/2010/423/442/133244324_1108421225.310x310.jpg', '');
INSERT INTO `qb_sell_pic` VALUES (10, 10, 21, 0, 1, 0, 'http://i05.c.aliimg.com/img/ibank/2010/710/902/149209017_1108421225.310x310.jpg', '');
INSERT INTO `qb_sell_pic` VALUES (11, 11, 33, 0, 1, 0, 'http://i00.c.aliimg.com/img/ibank/2010/673/938/124839376_1108421225.310x310.jpg', '');
INSERT INTO `qb_sell_pic` VALUES (12, 12, 46, 0, 1, 0, 'http://i00.c.aliimg.com/img/ibank/2010/733/921/124129337_1108421225.310x310.jpg', '');

# --------------------------------------------------------

#
# 表的结构 `qb_sell_report`
#

DROP TABLE IF EXISTS `qb_sell_report`;
CREATE TABLE `qb_sell_report` (
  `rid` mediumint(7) NOT NULL auto_increment,
  `id` mediumint(7) NOT NULL default '0',
  `fid` mediumint(7) NOT NULL default '0',
  `uid` mediumint(7) NOT NULL default '0',
  `username` varchar(30) NOT NULL default '',
  `posttime` int(10) NOT NULL default '0',
  `onlineip` varchar(15) NOT NULL default '',
  `type` tinyint(2) NOT NULL default '0',
  `content` text NOT NULL,
  `iftrue` tinyint(1) NOT NULL default '0',
  PRIMARY KEY  (`rid`)
) TYPE=MyISAM AUTO_INCREMENT=1 ;

#
# 导出表中的数据 `qb_sell_report`
#


# --------------------------------------------------------

#
# 表的结构 `qb_sell_sort`
#

DROP TABLE IF EXISTS `qb_sell_sort`;
CREATE TABLE `qb_sell_sort` (
  `fid` mediumint(7) unsigned NOT NULL auto_increment,
  `fup` mediumint(7) unsigned NOT NULL default '0',
  `name` varchar(50) NOT NULL default '',
  `mid` smallint(4) NOT NULL default '0',
  `class` smallint(4) NOT NULL default '0',
  `sons` smallint(4) NOT NULL default '0',
  `type` tinyint(1) NOT NULL default '0',
  `admin` varchar(100) NOT NULL default '',
  `list` int(10) NOT NULL default '0',
  `listorder` tinyint(2) NOT NULL default '0',
  `passwd` varchar(32) NOT NULL default '',
  `logo` varchar(150) NOT NULL default '',
  `descrip` text NOT NULL,
  `style` varchar(50) NOT NULL default '',
  `template` text NOT NULL,
  `jumpurl` varchar(150) NOT NULL default '',
  `maxperpage` tinyint(3) NOT NULL default '0',
  `metatitle` varchar(250) NOT NULL default '',
  `metakeywords` varchar(255) NOT NULL default '',
  `metadescription` varchar(255) NOT NULL default '',
  `allowcomment` tinyint(1) NOT NULL default '0',
  `allowpost` varchar(150) NOT NULL default '',
  `allowviewtitle` varchar(150) NOT NULL default '',
  `allowviewcontent` varchar(150) NOT NULL default '',
  `allowdownload` varchar(150) NOT NULL default '',
  `forbidshow` tinyint(1) NOT NULL default '0',
  `config` mediumtext NOT NULL,
  `index_show` tinyint(1) NOT NULL default '0',
  `contents` mediumint(4) NOT NULL default '0',
  `tableid` varchar(30) NOT NULL default '',
  `dir_name` varchar(50) NOT NULL default '',
  `ifcolor` tinyint(4) NOT NULL default '0',
  PRIMARY KEY  (`fid`)
) TYPE=MyISAM AUTO_INCREMENT=156 ;

#
# 导出表中的数据 `qb_sell_sort`
#

INSERT INTO `qb_sell_sort` VALUES (1, 0, '钢材', 1, 2, 0, 1, '', 0, 0, '', '', '', '', '', '', 0, '', '', '', 1, '', '', '', '', 0, '', 0, 0, '', '', 0);
INSERT INTO `qb_sell_sort` VALUES (2, 0, '钢板卷', 1, 2, 0, 1, '', 0, 0, '', '', '', '', '', '', 0, '', '', '', 1, '', '', '', '', 0, '', 0, 0, '', '', 0);
INSERT INTO `qb_sell_sort` VALUES (3, 0, '板材', 1, 2, 0, 1, '', 0, 0, '', '', '', '', '', '', 0, '', '', '', 1, '', '', '', '', 0, '', 0, 0, '', '', 0);
INSERT INTO `qb_sell_sort` VALUES (4, 0, '中厚板', 1, 2, 0, 1, '', 0, 0, '', '', '', '', '', '', 0, '', '', '', 1, '', '', '', '', 0, '', 0, 0, '', '', 0);
INSERT INTO `qb_sell_sort` VALUES (5, 0, '钢管', 1, 2, 0, 1, '', 0, 0, '', '', '', '', '', '', 0, '', '', '', 1, '', '', '', '', 0, '', 0, 0, '', '', 0);
INSERT INTO `qb_sell_sort` VALUES (6, 0, '型钢', 1, 2, 0, 1, '', 0, 0, '', '', '', '', '', '', 0, '', '', '', 1, '', '', '', '', 0, '', 0, 0, '', '', 0);
INSERT INTO `qb_sell_sort` VALUES (7, 0, '特钢', 1, 2, 0, 1, '', 0, 0, '', '', '', '', '', '', 0, '', '', '', 1, '', '', '', '', 0, '', 0, 0, '', '', 0);
INSERT INTO `qb_sell_sort` VALUES (8, 0, '不锈钢', 1, 2, 0, 1, '', 0, 0, '', '', '', '', '', '', 0, '', '', '', 1, '', '', '', '', 0, '', 0, 0, '', '', 0);
INSERT INTO `qb_sell_sort` VALUES (9, 0, '炉料', 1, 2, 0, 1, '', 0, 0, '', '', '', '', '', '', 0, '', '', '', 1, '', '', '', '', 0, '', 0, 0, '', '', 0);
INSERT INTO `qb_sell_sort` VALUES (10, 0, '生铁', 1, 2, 0, 1, '', 0, 0, '', '', '', '', '', '', 0, '', '', '', 1, '', '', '', '', 0, '', 0, 0, '', '', 0);
INSERT INTO `qb_sell_sort` VALUES (11, 1, '螺纹钢', 1, 3, 0, 0, '', 0, 0, '', '', '', '', '', '', 0, '', '', '', 1, '', '', '', '', 0, '', 0, 0, '', '', 0);
INSERT INTO `qb_sell_sort` VALUES (12, 1, '普线', 1, 3, 0, 0, '', 0, 0, '', '', '', '', '', '', 0, '', '', '', 1, '', '', '', '', 0, '', 0, 0, '', '', 0);
INSERT INTO `qb_sell_sort` VALUES (13, 1, '高线', 1, 3, 0, 0, '', 0, 0, '', '', '', '', '', '', 0, '', '', '', 1, '', '', '', '', 0, '', 0, 0, '', '', 0);
INSERT INTO `qb_sell_sort` VALUES (14, 1, '圆钢', 1, 3, 0, 0, '', 0, 0, '', '', '', '', '', '', 0, '', '', '', 1, '', '', '', '', 0, '', 0, 0, '', '', 0);
INSERT INTO `qb_sell_sort` VALUES (15, 1, '线材', 1, 3, 0, 0, '', 0, 0, '', '', '', '', '', '', 0, '', '', '', 1, '', '', '', '', 0, '', 0, 0, '', '', 0);
INSERT INTO `qb_sell_sort` VALUES (16, 1, '二级螺纹钢', 1, 3, 0, 0, '', 0, 0, '', '', '', '', '', '', 0, '', '', '', 1, '', '', '', '', 0, '', 0, 0, '', '', 0);
INSERT INTO `qb_sell_sort` VALUES (17, 1, '三级螺纹钢', 1, 3, 0, 0, '', 0, 0, '', '', '', '', '', '', 0, '', '', '', 1, '', '', '', '', 0, '', 0, 0, '', '', 0);
INSERT INTO `qb_sell_sort` VALUES (18, 1, '盘螺', 1, 3, 0, 0, '', 0, 0, '', '', '', '', '', '', 0, '', '', '', 1, '', '', '', '', 0, '', 0, 0, '', '', 0);
INSERT INTO `qb_sell_sort` VALUES (19, 1, '优线', 1, 3, 0, 0, '', 0, 0, '', '', '', '', '', '', 0, '', '', '', 1, '', '', '', '', 0, '', 0, 0, '', '', 0);
INSERT INTO `qb_sell_sort` VALUES (20, 1, '带肋钢', 1, 3, 0, 0, '', 0, 0, '', '', '', '', '', '', 0, '', '', '', 1, '', '', '', '', 0, '', 0, 0, '', '', 0);
INSERT INTO `qb_sell_sort` VALUES (21, 2, '带钢', 1, 3, 0, 0, '', 0, 0, '', '', '', '', '', '', 0, '', '', '', 1, '', '', '', '', 0, '', 0, 0, '', '', 0);
INSERT INTO `qb_sell_sort` VALUES (22, 2, '热板卷', 1, 3, 0, 0, '', 0, 0, '', '', '', '', '', '', 0, '', '', '', 1, '', '', '', '', 0, '', 0, 0, '', '', 0);
INSERT INTO `qb_sell_sort` VALUES (23, 2, '冷板卷', 1, 3, 0, 0, '', 0, 0, '', '', '', '', '', '', 0, '', '', '', 1, '', '', '', '', 0, '', 0, 0, '', '', 0);
INSERT INTO `qb_sell_sort` VALUES (24, 2, '不锈板卷', 1, 3, 0, 0, '', 0, 0, '', '', '', '', '', '', 0, '', '', '', 1, '', '', '', '', 0, '', 0, 0, '', '', 0);
INSERT INTO `qb_sell_sort` VALUES (25, 2, '镀锌板卷', 1, 3, 0, 0, '', 0, 0, '', '', '', '', '', '', 0, '', '', '', 1, '', '', '', '', 0, '', 0, 0, '', '', 0);
INSERT INTO `qb_sell_sort` VALUES (26, 2, '彩涂板卷', 1, 3, 0, 0, '', 0, 0, '', '', '', '', '', '', 0, '', '', '', 1, '', '', '', '', 0, '', 0, 0, '', '', 0);
INSERT INTO `qb_sell_sort` VALUES (27, 2, '花纹板卷', 1, 3, 0, 0, '', 0, 0, '', '', '', '', '', '', 0, '', '', '', 1, '', '', '', '', 0, '', 0, 0, '', '', 0);
INSERT INTO `qb_sell_sort` VALUES (28, 2, '低合金板卷', 1, 3, 0, 0, '', 0, 0, '', '', '', '', '', '', 0, '', '', '', 1, '', '', '', '', 0, '', 0, 0, '', '', 0);
INSERT INTO `qb_sell_sort` VALUES (29, 2, '镀锡板卷', 1, 3, 0, 0, '', 0, 0, '', '', '', '', '', '', 0, '', '', '', 1, '', '', '', '', 0, '', 0, 0, '', '', 0);
INSERT INTO `qb_sell_sort` VALUES (30, 2, '镀铝锌板卷', 1, 3, 0, 0, '', 0, 0, '', '', '', '', '', '', 0, '', '', '', 1, '', '', '', '', 0, '', 0, 0, '', '', 0);
INSERT INTO `qb_sell_sort` VALUES (31, 2, '酸洗板卷', 1, 3, 0, 0, '', 0, 0, '', '', '', '', '', '', 0, '', '', '', 1, '', '', '', '', 0, '', 0, 0, '', '', 0);
INSERT INTO `qb_sell_sort` VALUES (32, 2, '轧硬卷', 1, 3, 0, 0, '', 0, 0, '', '', '', '', '', '', 0, '', '', '', 1, '', '', '', '', 0, '', 0, 0, '', '', 0);
INSERT INTO `qb_sell_sort` VALUES (33, 3, '冷轧板', 1, 3, 0, 0, '', 0, 0, '', '', '', '', '', '', 0, '', '', '', 1, '', '', '', '', 0, '', 0, 0, '', '', 0);
INSERT INTO `qb_sell_sort` VALUES (34, 3, '热轧板', 1, 3, 0, 0, '', 0, 0, '', '', '', '', '', '', 0, '', '', '', 1, '', '', '', '', 0, '', 0, 0, '', '', 0);
INSERT INTO `qb_sell_sort` VALUES (35, 3, '容器板', 1, 3, 0, 0, '', 0, 0, '', '', '', '', '', '', 0, '', '', '', 1, '', '', '', '', 0, '', 0, 0, '', '', 0);
INSERT INTO `qb_sell_sort` VALUES (36, 3, '合金板', 1, 3, 0, 0, '', 0, 0, '', '', '', '', '', '', 0, '', '', '', 1, '', '', '', '', 0, '', 0, 0, '', '', 0);
INSERT INTO `qb_sell_sort` VALUES (37, 3, '高强板', 1, 3, 0, 0, '', 0, 0, '', '', '', '', '', '', 0, '', '', '', 1, '', '', '', '', 0, '', 0, 0, '', '', 0);
INSERT INTO `qb_sell_sort` VALUES (38, 3, '耐腐蚀板', 1, 3, 0, 0, '', 0, 0, '', '', '', '', '', '', 0, '', '', '', 1, '', '', '', '', 0, '', 0, 0, '', '', 0);
INSERT INTO `qb_sell_sort` VALUES (39, 3, '马口铁基板', 1, 3, 0, 0, '', 0, 0, '', '', '', '', '', '', 0, '', '', '', 1, '', '', '', '', 0, '', 0, 0, '', '', 0);
INSERT INTO `qb_sell_sort` VALUES (40, 3, '镀锡板', 1, 3, 0, 0, '', 0, 0, '', '', '', '', '', '', 0, '', '', '', 1, '', '', '', '', 0, '', 0, 0, '', '', 0);
INSERT INTO `qb_sell_sort` VALUES (41, 3, '镀铝板', 1, 3, 0, 0, '', 0, 0, '', '', '', '', '', '', 0, '', '', '', 1, '', '', '', '', 0, '', 0, 0, '', '', 0);
INSERT INTO `qb_sell_sort` VALUES (42, 3, '硅钢', 1, 3, 0, 0, '', 0, 0, '', '', '', '', '', '', 0, '', '', '', 1, '', '', '', '', 0, '', 0, 0, '', '', 0);
INSERT INTO `qb_sell_sort` VALUES (43, 3, '镀锌板', 1, 3, 0, 0, '', 0, 0, '', '', '', '', '', '', 0, '', '', '', 1, '', '', '', '', 0, '', 0, 0, '', '', 0);
INSERT INTO `qb_sell_sort` VALUES (44, 3, '彩涂板', 1, 3, 0, 0, '', 0, 0, '', '', '', '', '', '', 0, '', '', '', 1, '', '', '', '', 0, '', 0, 0, '', '', 0);
INSERT INTO `qb_sell_sort` VALUES (45, 3, '管线钢', 1, 3, 0, 0, '', 0, 0, '', '', '', '', '', '', 0, '', '', '', 1, '', '', '', '', 0, '', 0, 0, '', '', 0);
INSERT INTO `qb_sell_sort` VALUES (46, 4, '船板', 1, 3, 0, 0, '', 0, 0, '', '', '', '', '', '', 0, '', '', '', 1, '', '', '', '', 0, '', 0, 0, '', '', 0);
INSERT INTO `qb_sell_sort` VALUES (47, 4, '大梁板', 1, 3, 0, 0, '', 0, 0, '', '', '', '', '', '', 0, '', '', '', 1, '', '', '', '', 0, '', 0, 0, '', '', 0);
INSERT INTO `qb_sell_sort` VALUES (48, 4, '模具板', 1, 3, 0, 0, '', 0, 0, '', '', '', '', '', '', 0, '', '', '', 1, '', '', '', '', 0, '', 0, 0, '', '', 0);
INSERT INTO `qb_sell_sort` VALUES (49, 4, '锅炉板', 1, 3, 0, 0, '', 0, 0, '', '', '', '', '', '', 0, '', '', '', 1, '', '', '', '', 0, '', 0, 0, '', '', 0);
INSERT INTO `qb_sell_sort` VALUES (50, 4, '翼缘板', 1, 3, 0, 0, '', 0, 0, '', '', '', '', '', '', 0, '', '', '', 1, '', '', '', '', 0, '', 0, 0, '', '', 0);
INSERT INTO `qb_sell_sort` VALUES (51, 4, '四切平板', 1, 3, 0, 0, '', 0, 0, '', '', '', '', '', '', 0, '', '', '', 1, '', '', '', '', 0, '', 0, 0, '', '', 0);
INSERT INTO `qb_sell_sort` VALUES (52, 4, '花纹板', 1, 3, 0, 0, '', 0, 0, '', '', '', '', '', '', 0, '', '', '', 1, '', '', '', '', 0, '', 0, 0, '', '', 0);
INSERT INTO `qb_sell_sort` VALUES (53, 4, '低合金板', 1, 3, 0, 0, '', 0, 0, '', '', '', '', '', '', 0, '', '', '', 1, '', '', '', '', 0, '', 0, 0, '', '', 0);
INSERT INTO `qb_sell_sort` VALUES (54, 4, '锰板', 1, 3, 0, 0, '', 0, 0, '', '', '', '', '', '', 0, '', '', '', 1, '', '', '', '', 0, '', 0, 0, '', '', 0);
INSERT INTO `qb_sell_sort` VALUES (55, 4, '碳结板', 1, 3, 0, 0, '', 0, 0, '', '', '', '', '', '', 0, '', '', '', 1, '', '', '', '', 0, '', 0, 0, '', '', 0);
INSERT INTO `qb_sell_sort` VALUES (56, 4, '合结板', 1, 3, 0, 0, '', 0, 0, '', '', '', '', '', '', 0, '', '', '', 1, '', '', '', '', 0, '', 0, 0, '', '', 0);
INSERT INTO `qb_sell_sort` VALUES (57, 4, '开平板', 1, 3, 0, 0, '', 0, 0, '', '', '', '', '', '', 0, '', '', '', 1, '', '', '', '', 0, '', 0, 0, '', '', 0);
INSERT INTO `qb_sell_sort` VALUES (58, 4, '耐磨板', 1, 3, 0, 0, '', 0, 0, '', '', '', '', '', '', 0, '', '', '', 1, '', '', '', '', 0, '', 0, 0, '', '', 0);
INSERT INTO `qb_sell_sort` VALUES (59, 5, '无缝管', 1, 3, 0, 0, '', 0, 0, '', '', '', '', '', '', 0, '', '', '', 1, '', '', '', '', 0, '', 0, 0, '', '', 0);
INSERT INTO `qb_sell_sort` VALUES (60, 5, '镀锌管', 1, 3, 0, 0, '', 0, 0, '', '', '', '', '', '', 0, '', '', '', 1, '', '', '', '', 0, '', 0, 0, '', '', 0);
INSERT INTO `qb_sell_sort` VALUES (61, 5, '方管', 1, 3, 0, 0, '', 0, 0, '', '', '', '', '', '', 0, '', '', '', 1, '', '', '', '', 0, '', 0, 0, '', '', 0);
INSERT INTO `qb_sell_sort` VALUES (62, 5, '螺旋管', 1, 3, 0, 0, '', 0, 0, '', '', '', '', '', '', 0, '', '', '', 1, '', '', '', '', 0, '', 0, 0, '', '', 0);
INSERT INTO `qb_sell_sort` VALUES (63, 5, '焊管', 1, 3, 0, 0, '', 0, 0, '', '', '', '', '', '', 0, '', '', '', 1, '', '', '', '', 0, '', 0, 0, '', '', 0);
INSERT INTO `qb_sell_sort` VALUES (64, 5, '直缝管', 1, 3, 0, 0, '', 0, 0, '', '', '', '', '', '', 0, '', '', '', 1, '', '', '', '', 0, '', 0, 0, '', '', 0);
INSERT INTO `qb_sell_sort` VALUES (65, 5, '圆管', 1, 3, 0, 0, '', 0, 0, '', '', '', '', '', '', 0, '', '', '', 1, '', '', '', '', 0, '', 0, 0, '', '', 0);
INSERT INTO `qb_sell_sort` VALUES (66, 5, '锅炉管', 1, 3, 0, 0, '', 0, 0, '', '', '', '', '', '', 0, '', '', '', 1, '', '', '', '', 0, '', 0, 0, '', '', 0);
INSERT INTO `qb_sell_sort` VALUES (67, 5, '球墨管', 1, 3, 0, 0, '', 0, 0, '', '', '', '', '', '', 0, '', '', '', 1, '', '', '', '', 0, '', 0, 0, '', '', 0);
INSERT INTO `qb_sell_sort` VALUES (68, 5, '矩型管', 1, 3, 0, 0, '', 0, 0, '', '', '', '', '', '', 0, '', '', '', 1, '', '', '', '', 0, '', 0, 0, '', '', 0);
INSERT INTO `qb_sell_sort` VALUES (69, 5, '化肥用管', 1, 3, 0, 0, '', 0, 0, '', '', '', '', '', '', 0, '', '', '', 1, '', '', '', '', 0, '', 0, 0, '', '', 0);
INSERT INTO `qb_sell_sort` VALUES (70, 5, '结构管', 1, 3, 0, 0, '', 0, 0, '', '', '', '', '', '', 0, '', '', '', 1, '', '', '', '', 0, '', 0, 0, '', '', 0);
INSERT INTO `qb_sell_sort` VALUES (71, 5, '铸铁管', 1, 3, 0, 0, '', 0, 0, '', '', '', '', '', '', 0, '', '', '', 1, '', '', '', '', 0, '', 0, 0, '', '', 0);
INSERT INTO `qb_sell_sort` VALUES (72, 5, '脚手架', 1, 3, 0, 0, '', 0, 0, '', '', '', '', '', '', 0, '', '', '', 1, '', '', '', '', 0, '', 0, 0, '', '', 0);
INSERT INTO `qb_sell_sort` VALUES (73, 6, 'H型钢', 1, 3, 0, 0, '', 0, 0, '', '', '', '', '', '', 0, '', '', '', 1, '', '', '', '', 0, '', 0, 0, '', '', 0);
INSERT INTO `qb_sell_sort` VALUES (74, 6, '槽钢', 1, 3, 0, 0, '', 0, 0, '', '', '', '', '', '', 0, '', '', '', 1, '', '', '', '', 0, '', 0, 0, '', '', 0);
INSERT INTO `qb_sell_sort` VALUES (75, 6, '工字钢', 1, 3, 0, 0, '', 0, 0, '', '', '', '', '', '', 0, '', '', '', 1, '', '', '', '', 0, '', 0, 0, '', '', 0);
INSERT INTO `qb_sell_sort` VALUES (76, 6, '角钢', 1, 3, 0, 0, '', 0, 0, '', '', '', '', '', '', 0, '', '', '', 1, '', '', '', '', 0, '', 0, 0, '', '', 0);
INSERT INTO `qb_sell_sort` VALUES (77, 6, '扁钢', 1, 3, 0, 0, '', 0, 0, '', '', '', '', '', '', 0, '', '', '', 1, '', '', '', '', 0, '', 0, 0, '', '', 0);
INSERT INTO `qb_sell_sort` VALUES (78, 6, '轻轨', 1, 3, 0, 0, '', 0, 0, '', '', '', '', '', '', 0, '', '', '', 1, '', '', '', '', 0, '', 0, 0, '', '', 0);
INSERT INTO `qb_sell_sort` VALUES (79, 6, '重轨', 1, 3, 0, 0, '', 0, 0, '', '', '', '', '', '', 0, '', '', '', 1, '', '', '', '', 0, '', 0, 0, '', '', 0);
INSERT INTO `qb_sell_sort` VALUES (80, 6, '方钢', 1, 3, 0, 0, '', 0, 0, '', '', '', '', '', '', 0, '', '', '', 1, '', '', '', '', 0, '', 0, 0, '', '', 0);
INSERT INTO `qb_sell_sort` VALUES (81, 6, '不等边角钢', 1, 3, 0, 0, '', 0, 0, '', '', '', '', '', '', 0, '', '', '', 1, '', '', '', '', 0, '', 0, 0, '', '', 0);
INSERT INTO `qb_sell_sort` VALUES (82, 6, '型钢', 1, 3, 0, 0, '', 0, 0, '', '', '', '', '', '', 0, '', '', '', 1, '', '', '', '', 0, '', 0, 0, '', '', 0);
INSERT INTO `qb_sell_sort` VALUES (83, 6, '六角钢', 1, 3, 0, 0, '', 0, 0, '', '', '', '', '', '', 0, '', '', '', 1, '', '', '', '', 0, '', 0, 0, '', '', 0);
INSERT INTO `qb_sell_sort` VALUES (84, 6, '拉光圆', 1, 3, 0, 0, '', 0, 0, '', '', '', '', '', '', 0, '', '', '', 1, '', '', '', '', 0, '', 0, 0, '', '', 0);
INSERT INTO `qb_sell_sort` VALUES (85, 6, '碳圆', 1, 3, 0, 0, '', 0, 0, '', '', '', '', '', '', 0, '', '', '', 1, '', '', '', '', 0, '', 0, 0, '', '', 0);
INSERT INTO `qb_sell_sort` VALUES (86, 6, '等边角钢', 1, 3, 0, 0, '', 0, 0, '', '', '', '', '', '', 0, '', '', '', 1, '', '', '', '', 0, '', 0, 0, '', '', 0);
INSERT INTO `qb_sell_sort` VALUES (87, 7, '焊线', 1, 3, 0, 0, '', 0, 0, '', '', '', '', '', '', 0, '', '', '', 1, '', '', '', '', 0, '', 0, 0, '', '', 0);
INSERT INTO `qb_sell_sort` VALUES (88, 7, '圆钢', 1, 3, 0, 0, '', 0, 0, '', '', '', '', '', '', 0, '', '', '', 1, '', '', '', '', 0, '', 0, 0, '', '', 0);
INSERT INTO `qb_sell_sort` VALUES (89, 7, '轴承钢', 1, 3, 0, 0, '', 0, 0, '', '', '', '', '', '', 0, '', '', '', 1, '', '', '', '', 0, '', 0, 0, '', '', 0);
INSERT INTO `qb_sell_sort` VALUES (90, 7, '碳结钢', 1, 3, 0, 0, '', 0, 0, '', '', '', '', '', '', 0, '', '', '', 1, '', '', '', '', 0, '', 0, 0, '', '', 0);
INSERT INTO `qb_sell_sort` VALUES (91, 7, '弹簧钢', 1, 3, 0, 0, '', 0, 0, '', '', '', '', '', '', 0, '', '', '', 1, '', '', '', '', 0, '', 0, 0, '', '', 0);
INSERT INTO `qb_sell_sort` VALUES (92, 7, '高工钢', 1, 3, 0, 0, '', 0, 0, '', '', '', '', '', '', 0, '', '', '', 1, '', '', '', '', 0, '', 0, 0, '', '', 0);
INSERT INTO `qb_sell_sort` VALUES (93, 7, '模具钢', 1, 3, 0, 0, '', 0, 0, '', '', '', '', '', '', 0, '', '', '', 1, '', '', '', '', 0, '', 0, 0, '', '', 0);
INSERT INTO `qb_sell_sort` VALUES (94, 7, '钢纹线', 1, 3, 0, 0, '', 0, 0, '', '', '', '', '', '', 0, '', '', '', 1, '', '', '', '', 0, '', 0, 0, '', '', 0);
INSERT INTO `qb_sell_sort` VALUES (95, 7, '齿轮钢', 1, 3, 0, 0, '', 0, 0, '', '', '', '', '', '', 0, '', '', '', 1, '', '', '', '', 0, '', 0, 0, '', '', 0);
INSERT INTO `qb_sell_sort` VALUES (96, 7, '合结钢', 1, 3, 0, 0, '', 0, 0, '', '', '', '', '', '', 0, '', '', '', 1, '', '', '', '', 0, '', 0, 0, '', '', 0);
INSERT INTO `qb_sell_sort` VALUES (97, 7, '耐腐蚀钢', 1, 3, 0, 0, '', 0, 0, '', '', '', '', '', '', 0, '', '', '', 1, '', '', '', '', 0, '', 0, 0, '', '', 0);
INSERT INTO `qb_sell_sort` VALUES (98, 7, '耐磨钢', 1, 3, 0, 0, '', 0, 0, '', '', '', '', '', '', 0, '', '', '', 1, '', '', '', '', 0, '', 0, 0, '', '', 0);
INSERT INTO `qb_sell_sort` VALUES (99, 7, '碳工钢', 1, 3, 0, 0, '', 0, 0, '', '', '', '', '', '', 0, '', '', '', 1, '', '', '', '', 0, '', 0, 0, '', '', 0);
INSERT INTO `qb_sell_sort` VALUES (100, 7, '碳素钢', 1, 3, 0, 0, '', 0, 0, '', '', '', '', '', '', 0, '', '', '', 1, '', '', '', '', 0, '', 0, 0, '', '', 0);
INSERT INTO `qb_sell_sort` VALUES (101, 7, '耐热钢', 1, 3, 0, 0, '', 0, 0, '', '', '', '', '', '', 0, '', '', '', 1, '', '', '', '', 0, '', 0, 0, '', '', 0);
INSERT INTO `qb_sell_sort` VALUES (102, 7, '冷镦钢', 1, 3, 0, 0, '', 0, 0, '', '', '', '', '', '', 0, '', '', '', 1, '', '', '', '', 0, '', 0, 0, '', '', 0);
INSERT INTO `qb_sell_sort` VALUES (103, 7, '工模钢', 1, 3, 0, 0, '', 0, 0, '', '', '', '', '', '', 0, '', '', '', 1, '', '', '', '', 0, '', 0, 0, '', '', 0);
INSERT INTO `qb_sell_sort` VALUES (104, 7, '结构钢', 1, 3, 0, 0, '', 0, 0, '', '', '', '', '', '', 0, '', '', '', 1, '', '', '', '', 0, '', 0, 0, '', '', 0);
INSERT INTO `qb_sell_sort` VALUES (105, 8, '不锈板卷', 1, 3, 0, 0, '', 0, 0, '', '', '', '', '', '', 0, '', '', '', 1, '', '', '', '', 0, '', 0, 0, '', '', 0);
INSERT INTO `qb_sell_sort` VALUES (106, 8, '不锈钢管', 1, 3, 0, 0, '', 0, 0, '', '', '', '', '', '', 0, '', '', '', 1, '', '', '', '', 0, '', 0, 0, '', '', 0);
INSERT INTO `qb_sell_sort` VALUES (107, 8, '不锈钢线材', 1, 3, 0, 0, '', 0, 0, '', '', '', '', '', '', 0, '', '', '', 1, '', '', '', '', 0, '', 0, 0, '', '', 0);
INSERT INTO `qb_sell_sort` VALUES (108, 8, '不锈钢带', 1, 3, 0, 0, '', 0, 0, '', '', '', '', '', '', 0, '', '', '', 1, '', '', '', '', 0, '', 0, 0, '', '', 0);
INSERT INTO `qb_sell_sort` VALUES (109, 8, '不锈钢圆钢', 1, 3, 0, 0, '', 0, 0, '', '', '', '', '', '', 0, '', '', '', 1, '', '', '', '', 0, '', 0, 0, '', '', 0);
INSERT INTO `qb_sell_sort` VALUES (110, 8, '不锈钢角钢', 1, 3, 0, 0, '', 0, 0, '', '', '', '', '', '', 0, '', '', '', 1, '', '', '', '', 0, '', 0, 0, '', '', 0);
INSERT INTO `qb_sell_sort` VALUES (111, 8, '不锈钢槽钢', 1, 3, 0, 0, '', 0, 0, '', '', '', '', '', '', 0, '', '', '', 1, '', '', '', '', 0, '', 0, 0, '', '', 0);
INSERT INTO `qb_sell_sort` VALUES (112, 8, '不锈钢扁钢', 1, 3, 0, 0, '', 0, 0, '', '', '', '', '', '', 0, '', '', '', 1, '', '', '', '', 0, '', 0, 0, '', '', 0);
INSERT INTO `qb_sell_sort` VALUES (113, 8, '不锈钢坯', 1, 3, 0, 0, '', 0, 0, '', '', '', '', '', '', 0, '', '', '', 1, '', '', '', '', 0, '', 0, 0, '', '', 0);
INSERT INTO `qb_sell_sort` VALUES (114, 8, '优焊线', 1, 3, 0, 0, '', 0, 0, '', '', '', '', '', '', 0, '', '', '', 1, '', '', '', '', 0, '', 0, 0, '', '', 0);
INSERT INTO `qb_sell_sort` VALUES (115, 8, '拉丝', 1, 3, 0, 0, '', 0, 0, '', '', '', '', '', '', 0, '', '', '', 1, '', '', '', '', 0, '', 0, 0, '', '', 0);
INSERT INTO `qb_sell_sort` VALUES (116, 8, '硬线', 1, 3, 0, 0, '', 0, 0, '', '', '', '', '', '', 0, '', '', '', 1, '', '', '', '', 0, '', 0, 0, '', '', 0);
INSERT INTO `qb_sell_sort` VALUES (117, 8, '耐热钢', 1, 3, 0, 0, '', 0, 0, '', '', '', '', '', '', 0, '', '', '', 1, '', '', '', '', 0, '', 0, 0, '', '', 0);
INSERT INTO `qb_sell_sort` VALUES (118, 8, '钢丝', 1, 3, 0, 0, '', 0, 0, '', '', '', '', '', '', 0, '', '', '', 1, '', '', '', '', 0, '', 0, 0, '', '', 0);
INSERT INTO `qb_sell_sort` VALUES (119, 9, '矿石', 1, 3, 0, 0, '', 0, 0, '', '', '', '', '', '', 0, '', '', '', 1, '', '', '', '', 0, '', 0, 0, '', '', 0);
INSERT INTO `qb_sell_sort` VALUES (120, 9, '煤焦', 1, 3, 0, 0, '', 0, 0, '', '', '', '', '', '', 0, '', '', '', 1, '', '', '', '', 0, '', 0, 0, '', '', 0);
INSERT INTO `qb_sell_sort` VALUES (121, 9, '精铁粉', 1, 3, 0, 0, '', 0, 0, '', '', '', '', '', '', 0, '', '', '', 1, '', '', '', '', 0, '', 0, 0, '', '', 0);
INSERT INTO `qb_sell_sort` VALUES (122, 9, '废钢', 1, 3, 0, 0, '', 0, 0, '', '', '', '', '', '', 0, '', '', '', 1, '', '', '', '', 0, '', 0, 0, '', '', 0);
INSERT INTO `qb_sell_sort` VALUES (123, 9, '焦炭', 1, 3, 0, 0, '', 0, 0, '', '', '', '', '', '', 0, '', '', '', 1, '', '', '', '', 0, '', 0, 0, '', '', 0);
INSERT INTO `qb_sell_sort` VALUES (124, 9, '煤炭', 1, 3, 0, 0, '', 0, 0, '', '', '', '', '', '', 0, '', '', '', 1, '', '', '', '', 0, '', 0, 0, '', '', 0);
INSERT INTO `qb_sell_sort` VALUES (125, 9, '耐火材料', 1, 3, 0, 0, '', 0, 0, '', '', '', '', '', '', 0, '', '', '', 1, '', '', '', '', 0, '', 0, 0, '', '', 0);
INSERT INTO `qb_sell_sort` VALUES (126, 9, '碳素材料', 1, 3, 0, 0, '', 0, 0, '', '', '', '', '', '', 0, '', '', '', 1, '', '', '', '', 0, '', 0, 0, '', '', 0);
INSERT INTO `qb_sell_sort` VALUES (127, 9, '球墨铸铁', 1, 3, 0, 0, '', 0, 0, '', '', '', '', '', '', 0, '', '', '', 1, '', '', '', '', 0, '', 0, 0, '', '', 0);
INSERT INTO `qb_sell_sort` VALUES (128, 9, '钢锭', 1, 3, 0, 0, '', 0, 0, '', '', '', '', '', '', 0, '', '', '', 1, '', '', '', '', 0, '', 0, 0, '', '', 0);
INSERT INTO `qb_sell_sort` VALUES (129, 9, '硅锰', 1, 3, 0, 0, '', 0, 0, '', '', '', '', '', '', 0, '', '', '', 1, '', '', '', '', 0, '', 0, 0, '', '', 0);
INSERT INTO `qb_sell_sort` VALUES (130, 9, '方坯', 1, 3, 0, 0, '', 0, 0, '', '', '', '', '', '', 0, '', '', '', 1, '', '', '', '', 0, '', 0, 0, '', '', 0);
INSERT INTO `qb_sell_sort` VALUES (131, 9, '管坯', 1, 3, 0, 0, '', 0, 0, '', '', '', '', '', '', 0, '', '', '', 1, '', '', '', '', 0, '', 0, 0, '', '', 0);
INSERT INTO `qb_sell_sort` VALUES (132, 9, '钢坯', 1, 3, 0, 0, '', 0, 0, '', '', '', '', '', '', 0, '', '', '', 1, '', '', '', '', 0, '', 0, 0, '', '', 0);
INSERT INTO `qb_sell_sort` VALUES (133, 9, '板坯', 1, 3, 0, 0, '', 0, 0, '', '', '', '', '', '', 0, '', '', '', 1, '', '', '', '', 0, '', 0, 0, '', '', 0);
INSERT INTO `qb_sell_sort` VALUES (134, 9, '球磨生铁', 1, 3, 0, 0, '', 0, 0, '', '', '', '', '', '', 0, '', '', '', 1, '', '', '', '', 0, '', 0, 0, '', '', 0);
INSERT INTO `qb_sell_sort` VALUES (135, 9, '辅料副产品', 1, 3, 0, 0, '', 0, 0, '', '', '', '', '', '', 0, '', '', '', 1, '', '', '', '', 0, '', 0, 0, '', '', 0);
INSERT INTO `qb_sell_sort` VALUES (136, 10, '硅铁', 1, 3, 0, 0, '', 0, 0, '', '', '', '', '', '', 0, '', '', '', 1, '', '', '', '', 0, '', 0, 0, '', '', 0);
INSERT INTO `qb_sell_sort` VALUES (137, 10, '铬铁', 1, 3, 0, 0, '', 0, 0, '', '', '', '', '', '', 0, '', '', '', 1, '', '', '', '', 0, '', 0, 0, '', '', 0);
INSERT INTO `qb_sell_sort` VALUES (138, 10, '钼铁', 1, 3, 0, 0, '', 0, 0, '', '', '', '', '', '', 0, '', '', '', 1, '', '', '', '', 0, '', 0, 0, '', '', 0);
INSERT INTO `qb_sell_sort` VALUES (139, 10, '钒铁', 1, 3, 0, 0, '', 0, 0, '', '', '', '', '', '', 0, '', '', '', 1, '', '', '', '', 0, '', 0, 0, '', '', 0);
INSERT INTO `qb_sell_sort` VALUES (140, 10, '钨铁', 1, 3, 0, 0, '', 0, 0, '', '', '', '', '', '', 0, '', '', '', 1, '', '', '', '', 0, '', 0, 0, '', '', 0);
INSERT INTO `qb_sell_sort` VALUES (141, 10, '铌铁', 1, 3, 0, 0, '', 0, 0, '', '', '', '', '', '', 0, '', '', '', 1, '', '', '', '', 0, '', 0, 0, '', '', 0);
INSERT INTO `qb_sell_sort` VALUES (142, 10, '钛铁', 1, 3, 0, 0, '', 0, 0, '', '', '', '', '', '', 0, '', '', '', 1, '', '', '', '', 0, '', 0, 0, '', '', 0);
INSERT INTO `qb_sell_sort` VALUES (143, 10, '锰铁', 1, 3, 0, 0, '', 0, 0, '', '', '', '', '', '', 0, '', '', '', 1, '', '', '', '', 0, '', 0, 0, '', '', 0);
INSERT INTO `qb_sell_sort` VALUES (144, 10, '镍矿', 1, 3, 0, 0, '', 0, 0, '', '', '', '', '', '', 0, '', '', '', 1, '', '', '', '', 0, '', 0, 0, '', '', 0);
INSERT INTO `qb_sell_sort` VALUES (145, 10, '有色', 1, 3, 0, 0, '', 0, 0, '', '', '', '', '', '', 0, '', '', '', 1, '', '', '', '', 0, '', 0, 0, '', '', 0);
INSERT INTO `qb_sell_sort` VALUES (146, 10, '铜', 1, 3, 0, 0, '', 0, 0, '', '', '', '', '', '', 0, '', '', '', 1, '', '', '', '', 0, '', 0, 0, '', '', 0);
INSERT INTO `qb_sell_sort` VALUES (147, 10, '铝', 1, 3, 0, 0, '', 0, 0, '', '', '', '', '', '', 0, '', '', '', 1, '', '', '', '', 0, '', 0, 0, '', '', 0);
INSERT INTO `qb_sell_sort` VALUES (148, 10, '锌', 1, 3, 0, 0, '', 0, 0, '', '', '', '', '', '', 0, '', '', '', 1, '', '', '', '', 0, '', 0, 0, '', '', 0);
INSERT INTO `qb_sell_sort` VALUES (149, 10, '金', 1, 3, 0, 0, '', 0, 0, '', '', '', '', '', '', 0, '', '', '', 1, '', '', '', '', 0, '', 0, 0, '', '', 0);
INSERT INTO `qb_sell_sort` VALUES (150, 10, '银', 1, 3, 0, 0, '', 0, 0, '', '', '', '', '', '', 0, '', '', '', 1, '', '', '', '', 0, '', 0, 0, '', '', 0);
INSERT INTO `qb_sell_sort` VALUES (151, 10, '镍', 1, 3, 0, 0, '', 0, 0, '', '', '', '', '', '', 0, '', '', '', 1, '', '', '', '', 0, '', 0, 0, '', '', 0);
INSERT INTO `qb_sell_sort` VALUES (152, 10, '铅', 1, 3, 0, 0, '', 0, 0, '', '', '', '', '', '', 0, '', '', '', 1, '', '', '', '', 0, '', 0, 0, '', '', 0);
INSERT INTO `qb_sell_sort` VALUES (153, 10, '锡', 1, 3, 0, 0, '', 0, 0, '', '', '', '', '', '', 0, '', '', '', 1, '', '', '', '', 0, '', 0, 0, '', '', 0);
INSERT INTO `qb_sell_sort` VALUES (154, 10, '稀土', 1, 3, 0, 0, '', 0, 0, '', '', '', '', '', '', 0, '', '', '', 1, '', '', '', '', 0, '', 0, 0, '', '', 0);
INSERT INTO `qb_sell_sort` VALUES (155, 10, '贵金属', 1, 3, 0, 0, '', 0, 0, '', '', '', '', '', '', 0, '', '', '', 1, '', '', '', '', 0, '', 0, 0, '', '', 0);
